country,iso_code,date,total_vaccinations,people_vaccinated,people_fully_vaccinated,daily_vaccinations_raw,daily_vaccinations,total_vaccinations_per_hundred,people_vaccinated_per_hundred,people_fully_vaccinated_per_hundred,daily_vaccinations_per_million,vaccines,source_name,source_website
Argentina,ARG,2021-01-21 00:00:00,265724,249372,16352,17791,11704,0.59,0.55,0.04,259,Sputnik V,Ministry of Health,http://datos.salud.gob.ar/dataset/vacunas-contra-covid-19-dosis-aplicadas-en-la-republica-argentina
Argentina,ARG,2021-01-22 00:00:00,279602,254456,25146,13878,11263,0.62,0.56,0.06,249,Sputnik V,Ministry of Health,http://datos.salud.gob.ar/dataset/vacunas-contra-covid-19-dosis-aplicadas-en-la-republica-argentina
Argentina,ARG,2021-01-23 00:00:00,288064,258876,29188,8462,11124,0.64,0.57,0.06,246,Sputnik V,Ministry of Health,http://datos.salud.gob.ar/dataset/vacunas-contra-covid-19-dosis-aplicadas-en-la-republica-argentina
Argentina,ARG,2021-01-24 00:00:00,292023,260036,31987,3959,10342,0.65,0.58,0.07,229,Sputnik V,Ministry of Health,http://datos.salud.gob.ar/dataset/vacunas-contra-covid-19-dosis-aplicadas-en-la-republica-argentina
Argentina,ARG,2021-01-25 00:00:00,292386,260122,32264,363,9046,0.65,0.58,0.07,200,Sputnik V,Ministry of Health,http://datos.salud.gob.ar/dataset/vacunas-contra-covid-19-dosis-aplicadas-en-la-republica-argentina
Argentina,ARG,2021-01-26 00:00:00,305880,266969,38911,13494,9626,0.68,0.59,0.09,213,Sputnik V,Ministry of Health,http://datos.salud.gob.ar/dataset/vacunas-contra-covid-19-dosis-aplicadas-en-la-republica-argentina
Argentina,ARG,2021-01-27 00:00:00,318033,272323,45710,12153,10014,0.7,0.6,0.1,222,Sputnik V,Ministry of Health,http://datos.salud.gob.ar/dataset/vacunas-contra-covid-19-dosis-aplicadas-en-la-republica-argentina
Argentina,ARG,2021-01-28 00:00:00,327999,276548,51451,9966,8896,0.73,0.61,0.11,197,Sputnik V,Ministry of Health,http://datos.salud.gob.ar/dataset/vacunas-contra-covid-19-dosis-aplicadas-en-la-republica-argentina
Argentina,ARG,2021-01-29 00:00:00,344034,278451,65583,16035,9205,0.76,0.62,0.15,204,Sputnik V,Ministry of Health,http://datos.salud.gob.ar/dataset/vacunas-contra-covid-19-dosis-aplicadas-en-la-republica-argentina
Argentina,ARG,2021-01-30 00:00:00,366384,281023,85361,22350,11189,0.81,0.62,0.19,248,Sputnik V,Ministry of Health,http://datos.salud.gob.ar/dataset/vacunas-contra-covid-19-dosis-aplicadas-en-la-republica-argentina
Austria,AUT,2021-01-18 00:00:00,61012,60708,304,5562,7065,0.68,0.67,0,784,Pfizer/BioNTech,Ministry of Health,https://www.data.gv.at/katalog/dataset/589132b2-c000-4c60-85b4-c5036cdf3406
Austria,AUT,2021-01-19 00:00:00,71508,70474,1034,10496,8334,0.79,0.78,0.01,925,Pfizer/BioNTech,Ministry of Health,https://www.data.gv.at/katalog/dataset/589132b2-c000-4c60-85b4-c5036cdf3406
Austria,AUT,2021-01-20 00:00:00,88895,86888,2007,17387,9833,0.99,0.96,0.02,1092,Pfizer/BioNTech,Ministry of Health,https://www.data.gv.at/katalog/dataset/589132b2-c000-4c60-85b4-c5036cdf3406
Austria,AUT,2021-01-21 00:00:00,108252,105038,3214,19357,11270,1.2,1.17,0.04,1251,Pfizer/BioNTech,Ministry of Health,https://www.data.gv.at/katalog/dataset/589132b2-c000-4c60-85b4-c5036cdf3406
Austria,AUT,2021-01-22 00:00:00,124756,121216,3540,16504,12144,1.39,1.35,0.04,1348,Pfizer/BioNTech,Ministry of Health,https://www.data.gv.at/katalog/dataset/589132b2-c000-4c60-85b4-c5036cdf3406
Austria,AUT,2021-01-23 00:00:00,136348,132105,4243,11592,12278,1.51,1.47,0.05,1363,Pfizer/BioNTech,Ministry of Health,https://www.data.gv.at/katalog/dataset/589132b2-c000-4c60-85b4-c5036cdf3406
Austria,AUT,2021-01-24 00:00:00,139538,135249,4289,3190,12013,1.55,1.5,0.05,1334,Pfizer/BioNTech,Ministry of Health,https://www.data.gv.at/katalog/dataset/589132b2-c000-4c60-85b4-c5036cdf3406
Austria,AUT,2021-01-25 00:00:00,141350,137044,4306,1812,11477,1.57,1.52,0.05,1274,Pfizer/BioNTech,Ministry of Health,https://www.data.gv.at/katalog/dataset/589132b2-c000-4c60-85b4-c5036cdf3406
Austria,AUT,2021-01-26 00:00:00,150933,146587,4346,9583,11346,1.68,1.63,0.05,1260,Pfizer/BioNTech,Ministry of Health,https://www.data.gv.at/katalog/dataset/589132b2-c000-4c60-85b4-c5036cdf3406
Austria,AUT,2021-01-27 00:00:00,158985,153859,5126,8052,10013,1.77,1.71,0.06,1112,Pfizer/BioNTech,Ministry of Health,https://www.data.gv.at/katalog/dataset/589132b2-c000-4c60-85b4-c5036cdf3406
Austria,AUT,2021-01-28 00:00:00,169439,163806,5633,10454,8741,1.88,1.82,0.06,971,Pfizer/BioNTech,Ministry of Health,https://www.data.gv.at/katalog/dataset/589132b2-c000-4c60-85b4-c5036cdf3406
Austria,AUT,2021-01-29 00:00:00,181419,174262,7157,11980,8095,2.01,1.93,0.08,899,Pfizer/BioNTech,Ministry of Health,https://www.data.gv.at/katalog/dataset/589132b2-c000-4c60-85b4-c5036cdf3406
Austria,AUT,2021-01-30 00:00:00,197179,183628,13551,15760,8690,2.19,2.04,0.15,965,Pfizer/BioNTech,Ministry of Health,https://www.data.gv.at/katalog/dataset/589132b2-c000-4c60-85b4-c5036cdf3406
Austria,AUT,2021-01-31 00:00:00,200498,185291,15207,3319,8709,2.23,2.06,0.17,967,Pfizer/BioNTech,Ministry of Health,https://www.data.gv.at/katalog/dataset/589132b2-c000-4c60-85b4-c5036cdf3406
Austria,AUT,2021-02-01 00:00:00,202345,186479,15866,1847,8714,2.25,2.07,0.18,968,Pfizer/BioNTech,Ministry of Health,https://www.data.gv.at/katalog/dataset/589132b2-c000-4c60-85b4-c5036cdf3406
Austria,AUT,2021-02-02 00:00:00,208988,189926,19062,6643,8294,2.32,2.11,0.21,921,Pfizer/BioNTech,Ministry of Health,https://www.data.gv.at/katalog/dataset/589132b2-c000-4c60-85b4-c5036cdf3406
Austria,AUT,2021-02-03 00:00:00,222520,194287,28233,13532,9076,2.47,2.16,0.31,1008,Pfizer/BioNTech,Ministry of Health,https://www.data.gv.at/katalog/dataset/589132b2-c000-4c60-85b4-c5036cdf3406
Belgium,BEL,2021-01-18 00:00:00,130490,130381,109,10173,14000,1.13,1.12,0,1208,Moderna, Pfizer/BioNTech,Sciensano,https://datastudio.google.com/embed/u/0/reporting/c14a5cfc-cab7-4812-848c-0369173148ab/page/hOMwB
Belgium,BEL,2021-01-19 00:00:00,149008,148718,290,18518,14443,1.29,1.28,0,1246,Moderna, Pfizer/BioNTech,Sciensano,https://datastudio.google.com/embed/u/0/reporting/c14a5cfc-cab7-4812-848c-0369173148ab/page/hOMwB
Belgium,BEL,2021-01-20 00:00:00,169148,168436,712,20140,14410,1.46,1.45,0.01,1243,Moderna, Pfizer/BioNTech,Sciensano,https://datastudio.google.com/embed/u/0/reporting/c14a5cfc-cab7-4812-848c-0369173148ab/page/hOMwB
Belgium,BEL,2021-01-21 00:00:00,197855,197143,712,28707,15436,1.71,1.7,0.01,1332,Moderna, Pfizer/BioNTech,Sciensano,https://datastudio.google.com/embed/u/0/reporting/c14a5cfc-cab7-4812-848c-0369173148ab/page/hOMwB
Belgium,BEL,2021-01-22 00:00:00,226205,225462,743,28350,16285,1.95,1.95,0.01,1405,Moderna, Pfizer/BioNTech,Sciensano,https://datastudio.google.com/embed/u/0/reporting/c14a5cfc-cab7-4812-848c-0369173148ab/page/hOMwB
Belgium,BEL,2021-01-23 00:00:00,233750,233000,750,7545,16652,2.02,2.01,0.01,1437,Moderna, Pfizer/BioNTech,Sciensano,https://datastudio.google.com/embed/u/0/reporting/c14a5cfc-cab7-4812-848c-0369173148ab/page/hOMwB
Belgium,BEL,2021-01-24 00:00:00,235594,234844,750,1844,16468,2.03,2.03,0.01,1421,Moderna, Pfizer/BioNTech,Sciensano,https://datastudio.google.com/embed/u/0/reporting/c14a5cfc-cab7-4812-848c-0369173148ab/page/hOMwB
Belgium,BEL,2021-01-25 00:00:00,246049,245299,750,10455,16508,2.12,2.12,0.01,1424,Moderna, Pfizer/BioNTech,Sciensano,https://datastudio.google.com/embed/u/0/reporting/c14a5cfc-cab7-4812-848c-0369173148ab/page/hOMwB
Belgium,BEL,2021-01-26 00:00:00,257100,254992,2108,11051,15442,2.22,2.2,0.02,1332,Moderna, Pfizer/BioNTech,Sciensano,https://datastudio.google.com/embed/u/0/reporting/c14a5cfc-cab7-4812-848c-0369173148ab/page/hOMwB
Belgium,BEL,2021-01-27 00:00:00,271475,266428,5047,14375,14618,2.34,2.3,0.04,1261,Moderna, Pfizer/BioNTech,Sciensano,https://datastudio.google.com/embed/u/0/reporting/c14a5cfc-cab7-4812-848c-0369173148ab/page/hOMwB
Belgium,BEL,2021-01-28 00:00:00,290995,279618,11377,19520,13306,2.51,2.41,0.1,1148,Moderna, Pfizer/BioNTech,Sciensano,https://datastudio.google.com/embed/u/0/reporting/c14a5cfc-cab7-4812-848c-0369173148ab/page/hOMwB
Belgium,BEL,2021-01-29 00:00:00,307798,289401,18397,16803,11656,2.66,2.5,0.16,1006,Moderna, Pfizer/BioNTech,Sciensano,https://datastudio.google.com/embed/u/0/reporting/c14a5cfc-cab7-4812-848c-0369173148ab/page/hOMwB
Belgium,BEL,2021-01-30 00:00:00,311459,290790,20669,3661,11101,2.69,2.51,0.18,958,Moderna, Pfizer/BioNTech,Sciensano,https://datastudio.google.com/embed/u/0/reporting/c14a5cfc-cab7-4812-848c-0369173148ab/page/hOMwB
Belgium,BEL,2021-01-31 00:00:00,312303,291340,20963,844,10958,2.69,2.51,0.18,946,Moderna, Pfizer/BioNTech,Sciensano,https://datastudio.google.com/embed/u/0/reporting/c14a5cfc-cab7-4812-848c-0369173148ab/page/hOMwB
Belgium,BEL,2021-02-01 00:00:00,317614,294106,23508,5311,10224,2.74,2.54,0.2,882,Moderna, Pfizer/BioNTech,Sciensano,https://datastudio.google.com/embed/u/0/reporting/c14a5cfc-cab7-4812-848c-0369173148ab/page/hOMwB
Belgium,BEL,2021-02-02 00:00:00,327095,296950,30145,9481,9999,2.82,2.56,0.26,863,Moderna, Pfizer/BioNTech,Sciensano,https://datastudio.google.com/embed/u/0/reporting/c14a5cfc-cab7-4812-848c-0369173148ab/page/hOMwB
Bulgaria,BGR,2021-01-18 00:00:00,19638,18524,1114,1185,782,0.28,0.27,0.02,113,Moderna, Pfizer/BioNTech,Ministry of Health,https://coronavirus.bg/bg/statistika
Bulgaria,BGR,2021-01-19 00:00:00,22226,19058,3168,2588,921,0.32,0.27,0.05,133,Moderna, Pfizer/BioNTech,Ministry of Health,https://coronavirus.bg/bg/statistika
Bulgaria,BGR,2021-01-20 00:00:00,24127,19834,4293,1901,1013,0.35,0.29,0.06,146,Moderna, Pfizer/BioNTech,Ministry of Health,https://coronavirus.bg/bg/statistika
Bulgaria,BGR,2021-01-21 00:00:00,25251,20719,4532,1124,1081,0.36,0.3,0.07,156,Moderna, Pfizer/BioNTech,Ministry of Health,https://coronavirus.bg/bg/statistika
Bulgaria,BGR,2021-01-22 00:00:00,26101,21496,4605,850,1139,0.38,0.31,0.07,164,Moderna, Pfizer/BioNTech,Ministry of Health,https://coronavirus.bg/bg/statistika
Bulgaria,BGR,2021-01-23 00:00:00,26119,21509,4610,18,1112,0.38,0.31,0.07,160,Moderna, Pfizer/BioNTech,Ministry of Health,https://coronavirus.bg/bg/statistika
Bulgaria,BGR,2021-01-24 00:00:00,26143,21533,4610,24,1099,0.38,0.31,0.07,158,Moderna, Pfizer/BioNTech,Ministry of Health,https://coronavirus.bg/bg/statistika
Bulgaria,BGR,2021-01-25 00:00:00,26798,22129,4669,655,1023,0.39,0.32,0.07,147,Moderna, Pfizer/BioNTech,Ministry of Health,https://coronavirus.bg/bg/statistika
Bulgaria,BGR,2021-01-26 00:00:00,29122,23667,5455,2324,985,0.42,0.34,0.08,142,Moderna, Pfizer/BioNTech,Ministry of Health,https://coronavirus.bg/bg/statistika
Bulgaria,BGR,2021-01-27 00:00:00,32917,25245,7672,3795,1256,0.47,0.36,0.11,181,Moderna, Pfizer/BioNTech,Ministry of Health,https://coronavirus.bg/bg/statistika
Bulgaria,BGR,2021-01-28 00:00:00,37636,26753,10883,4719,1769,0.54,0.39,0.16,255,Moderna, Pfizer/BioNTech,Ministry of Health,https://coronavirus.bg/bg/statistika
Bulgaria,BGR,2021-01-29 00:00:00,40805,27856,12949,3169,2101,0.59,0.4,0.19,302,Moderna, Pfizer/BioNTech,Ministry of Health,https://coronavirus.bg/bg/statistika
Bulgaria,BGR,2021-01-30 00:00:00,41020,27957,13063,215,2129,0.59,0.4,0.19,306,Moderna, Pfizer/BioNTech,Ministry of Health,https://coronavirus.bg/bg/statistika
Bulgaria,BGR,2021-01-31 00:00:00,41125,28041,13084,105,2140,0.59,0.4,0.19,308,Moderna, Pfizer/BioNTech,Ministry of Health,https://coronavirus.bg/bg/statistika
Bulgaria,BGR,2021-02-01 00:00:00,42634,28978,13656,1509,2262,0.61,0.42,0.2,326,Moderna, Pfizer/BioNTech,Ministry of Health,https://coronavirus.bg/bg/statistika
Bulgaria,BGR,2021-02-02 00:00:00,45917,30817,15100,3283,2399,0.66,0.44,0.22,345,Moderna, Pfizer/BioNTech,Ministry of Health,https://coronavirus.bg/bg/statistika
Bulgaria,BGR,2021-02-03 00:00:00,50124,33691,16433,4207,2458,0.72,0.48,0.24,354,Moderna, Pfizer/BioNTech,Ministry of Health,https://coronavirus.bg/bg/statistika
Chile,CHL,2021-01-14 00:00:00,18526,12787,5739,3914,1038,0.1,0.07,0.03,54,Pfizer/BioNTech,Department of Statistics and Health Information,https://informesdeis.minsal.cl/SASVisualAnalytics/?reportUri=%2Freports%2Freports%2F1a8cc7ff-7df0-474f-a147-929ee45d1900&sectionIndex=0&sso_guest=true&reportViewOnly=true&reportContextBar=false&sas-welcome=false
Chile,CHL,2021-01-15 00:00:00,21876,13755,8121,3350,1437,0.11,0.07,0.04,75,Pfizer/BioNTech,Department of Statistics and Health Information,https://informesdeis.minsal.cl/SASVisualAnalytics/?reportUri=%2Freports%2Freports%2F1a8cc7ff-7df0-474f-a147-929ee45d1900&sectionIndex=0&sso_guest=true&reportViewOnly=true&reportContextBar=false&sas-welcome=false
Chile,CHL,2021-01-16 00:00:00,21937,13766,8171,61,1366,0.11,0.07,0.04,71,Pfizer/BioNTech,Department of Statistics and Health Information,https://informesdeis.minsal.cl/SASVisualAnalytics/?reportUri=%2Freports%2Freports%2F1a8cc7ff-7df0-474f-a147-929ee45d1900&sectionIndex=0&sso_guest=true&reportViewOnly=true&reportContextBar=false&sas-welcome=false
Chile,CHL,2021-01-17 00:00:00,21972,13781,8191,35,1291,0.11,0.07,0.04,68,Pfizer/BioNTech,Department of Statistics and Health Information,https://informesdeis.minsal.cl/SASVisualAnalytics/?reportUri=%2Freports%2Freports%2F1a8cc7ff-7df0-474f-a147-929ee45d1900&sectionIndex=0&sso_guest=true&reportViewOnly=true&reportContextBar=false&sas-welcome=false
Chile,CHL,2021-01-18 00:00:00,32385,24025,8360,10413,2699,0.17,0.13,0.04,141,Pfizer/BioNTech,Department of Statistics and Health Information,https://informesdeis.minsal.cl/SASVisualAnalytics/?reportUri=%2Freports%2Freports%2F1a8cc7ff-7df0-474f-a147-929ee45d1900&sectionIndex=0&sso_guest=true&reportViewOnly=true&reportContextBar=false&sas-welcome=false
Chile,CHL,2021-01-19 00:00:00,50924,42564,8360,18539,5267,0.27,0.22,0.04,276,Pfizer/BioNTech,Department of Statistics and Health Information,https://informesdeis.minsal.cl/SASVisualAnalytics/?reportUri=%2Freports%2Freports%2F1a8cc7ff-7df0-474f-a147-929ee45d1900&sectionIndex=0&sso_guest=true&reportViewOnly=true&reportContextBar=false&sas-welcome=false
Chile,CHL,2021-01-20 00:00:00,54036,45676,8360,3112,5632,0.28,0.24,0.04,295,Pfizer/BioNTech,Department of Statistics and Health Information,https://informesdeis.minsal.cl/SASVisualAnalytics/?reportUri=%2Freports%2Freports%2F1a8cc7ff-7df0-474f-a147-929ee45d1900&sectionIndex=0&sso_guest=true&reportViewOnly=true&reportContextBar=false&sas-welcome=false
Chile,CHL,2021-01-21 00:00:00,62822,54458,8364,8786,6328,0.33,0.28,0.04,331,Pfizer/BioNTech,Department of Statistics and Health Information,https://informesdeis.minsal.cl/SASVisualAnalytics/?reportUri=%2Freports%2Freports%2F1a8cc7ff-7df0-474f-a147-929ee45d1900&sectionIndex=0&sso_guest=true&reportViewOnly=true&reportContextBar=false&sas-welcome=false
Chile,CHL,2021-01-22 00:00:00,63047,54683,8364,225,5882,0.33,0.29,0.04,308,Pfizer/BioNTech,Department of Statistics and Health Information,https://informesdeis.minsal.cl/SASVisualAnalytics/?reportUri=%2Freports%2Freports%2F1a8cc7ff-7df0-474f-a147-929ee45d1900&sectionIndex=0&sso_guest=true&reportViewOnly=true&reportContextBar=false&sas-welcome=false
Chile,CHL,2021-01-23 00:00:00,63939,55575,8364,892,6000,0.33,0.29,0.04,314,Pfizer/BioNTech,Department of Statistics and Health Information,https://informesdeis.minsal.cl/SASVisualAnalytics/?reportUri=%2Freports%2Freports%2F1a8cc7ff-7df0-474f-a147-929ee45d1900&sectionIndex=0&sso_guest=true&reportViewOnly=true&reportContextBar=false&sas-welcome=false
Chile,CHL,2021-01-26 00:00:00,66569,56551,10018,2283,2235,0.35,0.3,0.05,117,Pfizer/BioNTech,Department of Statistics and Health Information,https://informesdeis.minsal.cl/SASVisualAnalytics/?reportUri=%2Freports%2Freports%2F1a8cc7ff-7df0-474f-a147-929ee45d1900&sectionIndex=0&sso_guest=true&reportViewOnly=true&reportContextBar=false&sas-welcome=false
Chile,CHL,2021-01-27 00:00:00,67096,56764,10332,527,1866,0.35,0.3,0.05,98,Pfizer/BioNTech,Department of Statistics and Health Information,https://informesdeis.minsal.cl/SASVisualAnalytics/?reportUri=%2Freports%2Freports%2F1a8cc7ff-7df0-474f-a147-929ee45d1900&sectionIndex=0&sso_guest=true&reportViewOnly=true&reportContextBar=false&sas-welcome=false
Chile,CHL,2021-01-28 00:00:00,67111,56764,10347,15,613,0.35,0.3,0.05,32,Pfizer/BioNTech,Department of Statistics and Health Information,https://informesdeis.minsal.cl/SASVisualAnalytics/?reportUri=%2Freports%2Freports%2F1a8cc7ff-7df0-474f-a147-929ee45d1900&sectionIndex=0&sso_guest=true&reportViewOnly=true&reportContextBar=false&sas-welcome=false
Chile,CHL,2021-01-29 00:00:00,67115,56768,10347,4,581,0.35,0.3,0.05,30,Pfizer/BioNTech,Department of Statistics and Health Information,https://informesdeis.minsal.cl/SASVisualAnalytics/?reportUri=%2Freports%2Freports%2F1a8cc7ff-7df0-474f-a147-929ee45d1900&sectionIndex=0&sso_guest=true&reportViewOnly=true&reportContextBar=false&sas-welcome=false
Chile,CHL,2021-01-30 00:00:00,67123,56771,10352,8,455,0.35,0.3,0.05,24,Pfizer/BioNTech,Department of Statistics and Health Information,https://informesdeis.minsal.cl/SASVisualAnalytics/?reportUri=%2Freports%2Freports%2F1a8cc7ff-7df0-474f-a147-929ee45d1900&sectionIndex=0&sso_guest=true&reportViewOnly=true&reportContextBar=false&sas-welcome=false
Chile,CHL,2021-02-03 00:00:00,138684,128287,10397,61285,10227,0.73,0.67,0.05,535,Pfizer/BioNTech,Department of Statistics and Health Information,https://informesdeis.minsal.cl/SASVisualAnalytics/?reportUri=%2Freports%2Freports%2F1a8cc7ff-7df0-474f-a147-929ee45d1900&sectionIndex=0&sso_guest=true&reportViewOnly=true&reportContextBar=false&sas-welcome=false
Czechia,CZE,2021-01-17 00:00:00,120471,119850,621,3038,10132,1.12,1.12,0.01,946,Moderna, Pfizer/BioNTech,Ministry of Health,https://onemocneni-aktualne.mzcr.cz/covid-19
Czechia,CZE,2021-01-18 00:00:00,134135,131741,2394,13664,10699,1.25,1.23,0.02,999,Moderna, Pfizer/BioNTech,Ministry of Health,https://onemocneni-aktualne.mzcr.cz/covid-19
Czechia,CZE,2021-01-19 00:00:00,148803,143732,5071,14668,10894,1.39,1.34,0.05,1017,Moderna, Pfizer/BioNTech,Ministry of Health,https://onemocneni-aktualne.mzcr.cz/covid-19
Czechia,CZE,2021-01-20 00:00:00,164173,156542,7631,15370,11170,1.53,1.46,0.07,1043,Moderna, Pfizer/BioNTech,Ministry of Health,https://onemocneni-aktualne.mzcr.cz/covid-19
Czechia,CZE,2021-01-21 00:00:00,180667,171331,9336,16494,11429,1.69,1.6,0.09,1067,Moderna, Pfizer/BioNTech,Ministry of Health,https://onemocneni-aktualne.mzcr.cz/covid-19
Czechia,CZE,2021-01-22 00:00:00,195937,185609,10328,15270,11687,1.83,1.73,0.1,1091,Moderna, Pfizer/BioNTech,Ministry of Health,https://onemocneni-aktualne.mzcr.cz/covid-19
Czechia,CZE,2021-01-23 00:00:00,199589,188426,11163,3652,11737,1.86,1.76,0.1,1096,Moderna, Pfizer/BioNTech,Ministry of Health,https://onemocneni-aktualne.mzcr.cz/covid-19
Czechia,CZE,2021-01-24 00:00:00,202591,190573,12018,3002,11731,1.89,1.78,0.11,1095,Moderna, Pfizer/BioNTech,Ministry of Health,https://onemocneni-aktualne.mzcr.cz/covid-19
Czechia,CZE,2021-01-25 00:00:00,214843,199929,14914,12252,11530,2.01,1.87,0.14,1077,Moderna, Pfizer/BioNTech,Ministry of Health,https://onemocneni-aktualne.mzcr.cz/covid-19
Czechia,CZE,2021-01-26 00:00:00,228991,210156,18835,14148,11455,2.14,1.96,0.18,1070,Moderna, Pfizer/BioNTech,Ministry of Health,https://onemocneni-aktualne.mzcr.cz/covid-19
Czechia,CZE,2021-01-27 00:00:00,242186,218921,23265,13195,11145,2.26,2.04,0.22,1041,Moderna, Pfizer/BioNTech,Ministry of Health,https://onemocneni-aktualne.mzcr.cz/covid-19
Czechia,CZE,2021-01-28 00:00:00,255147,225873,29274,12961,10640,2.38,2.11,0.27,994,Moderna, Pfizer/BioNTech,Ministry of Health,https://onemocneni-aktualne.mzcr.cz/covid-19
Czechia,CZE,2021-01-29 00:00:00,268795,231869,36926,13648,10408,2.51,2.17,0.34,972,Moderna, Pfizer/BioNTech,Ministry of Health,https://onemocneni-aktualne.mzcr.cz/covid-19
Czechia,CZE,2021-01-30 00:00:00,270555,232581,37974,1760,10138,2.53,2.17,0.35,947,Moderna, Pfizer/BioNTech,Ministry of Health,https://onemocneni-aktualne.mzcr.cz/covid-19
Czechia,CZE,2021-01-31 00:00:00,272369,233275,39094,1814,9968,2.54,2.18,0.37,931,Moderna, Pfizer/BioNTech,Ministry of Health,https://onemocneni-aktualne.mzcr.cz/covid-19
Czechia,CZE,2021-02-01 00:00:00,283365,236894,46471,10996,9789,2.65,2.21,0.43,914,Moderna, Pfizer/BioNTech,Ministry of Health,https://onemocneni-aktualne.mzcr.cz/covid-19
Czechia,CZE,2021-02-02 00:00:00,296940,240699,56241,13575,9707,2.77,2.25,0.53,906,Moderna, Pfizer/BioNTech,Ministry of Health,https://onemocneni-aktualne.mzcr.cz/covid-19
Czechia,CZE,2021-02-03 00:00:00,310340,244424,65916,13400,9736,2.9,2.28,0.62,909,Moderna, Pfizer/BioNTech,Ministry of Health,https://onemocneni-aktualne.mzcr.cz/covid-19
Denmark,DNK,2021-01-15 00:00:00,165550,165545,5,15191,7083,2.86,2.86,0,1223,Moderna, Pfizer/BioNTech,Statens Serum Institut,https://files.ssi.dk/covid19/vaccinationstilslutning/vaccinationstilslutning-03022021-y84u
Denmark,DNK,2021-01-16 00:00:00,170154,170142,12,4604,7469,2.94,2.94,0,1289,Moderna, Pfizer/BioNTech,Statens Serum Institut,https://files.ssi.dk/covid19/vaccinationstilslutning/vaccinationstilslutning-03022021-y84u
Denmark,DNK,2021-01-17 00:00:00,173420,172682,738,3266,7819,2.99,2.98,0.01,1350,Moderna, Pfizer/BioNTech,Statens Serum Institut,https://files.ssi.dk/covid19/vaccinationstilslutning/vaccinationstilslutning-03022021-y84u
Denmark,DNK,2021-01-18 00:00:00,179453,176554,2899,6033,8587,3.1,3.05,0.05,1483,Moderna, Pfizer/BioNTech,Statens Serum Institut,https://files.ssi.dk/covid19/vaccinationstilslutning/vaccinationstilslutning-03022021-y84u
Denmark,DNK,2021-01-19 00:00:00,184072,179046,5026,4619,9181,3.18,3.09,0.09,1585,Moderna, Pfizer/BioNTech,Statens Serum Institut,https://files.ssi.dk/covid19/vaccinationstilslutning/vaccinationstilslutning-03022021-y84u
Denmark,DNK,2021-01-20 00:00:00,187504,180563,6941,3432,7860,3.24,3.12,0.12,1357,Moderna, Pfizer/BioNTech,Statens Serum Institut,https://files.ssi.dk/covid19/vaccinationstilslutning/vaccinationstilslutning-03022021-y84u
Denmark,DNK,2021-01-21 00:00:00,191386,182088,9298,3882,5861,3.3,3.14,0.16,1012,Moderna, Pfizer/BioNTech,Statens Serum Institut,https://files.ssi.dk/covid19/vaccinationstilslutning/vaccinationstilslutning-03022021-y84u
Denmark,DNK,2021-01-22 00:00:00,197764,182748,15016,6378,4602,3.41,3.16,0.26,795,Moderna, Pfizer/BioNTech,Statens Serum Institut,https://files.ssi.dk/covid19/vaccinationstilslutning/vaccinationstilslutning-03022021-y84u
Denmark,DNK,2021-01-23 00:00:00,205679,183526,22153,7915,5075,3.55,3.17,0.38,876,Moderna, Pfizer/BioNTech,Statens Serum Institut,https://files.ssi.dk/covid19/vaccinationstilslutning/vaccinationstilslutning-03022021-y84u
Denmark,DNK,2021-01-24 00:00:00,212894,184144,28750,7215,5639,3.68,3.18,0.5,974,Moderna, Pfizer/BioNTech,Statens Serum Institut,https://files.ssi.dk/covid19/vaccinationstilslutning/vaccinationstilslutning-03022021-y84u
Denmark,DNK,2021-01-25 00:00:00,215611,184388,31223,2717,5165,3.72,3.18,0.54,892,Moderna, Pfizer/BioNTech,Statens Serum Institut,https://files.ssi.dk/covid19/vaccinationstilslutning/vaccinationstilslutning-03022021-y84u
Denmark,DNK,2021-01-26 00:00:00,217563,184603,32960,1952,4784,3.76,3.19,0.57,826,Moderna, Pfizer/BioNTech,Statens Serum Institut,https://files.ssi.dk/covid19/vaccinationstilslutning/vaccinationstilslutning-03022021-y84u
Denmark,DNK,2021-01-27 00:00:00,222182,184815,37367,4619,4954,3.84,3.19,0.65,855,Moderna, Pfizer/BioNTech,Statens Serum Institut,https://files.ssi.dk/covid19/vaccinationstilslutning/vaccinationstilslutning-03022021-y84u
Denmark,DNK,2021-01-28 00:00:00,230522,185063,45459,8340,5591,3.98,3.2,0.78,965,Moderna, Pfizer/BioNTech,Statens Serum Institut,https://files.ssi.dk/covid19/vaccinationstilslutning/vaccinationstilslutning-03022021-y84u
Denmark,DNK,2021-01-29 00:00:00,249249,186162,63087,18727,7355,4.3,3.21,1.09,1270,Moderna, Pfizer/BioNTech,Statens Serum Institut,https://files.ssi.dk/covid19/vaccinationstilslutning/vaccinationstilslutning-03022021-y84u
Denmark,DNK,2021-01-30 00:00:00,263242,187395,75847,13993,8223,4.54,3.24,1.31,1420,Moderna, Pfizer/BioNTech,Statens Serum Institut,https://files.ssi.dk/covid19/vaccinationstilslutning/vaccinationstilslutning-03022021-y84u
Denmark,DNK,2021-01-31 00:00:00,276361,188617,87744,13119,9067,4.77,3.26,1.51,1565,Moderna, Pfizer/BioNTech,Statens Serum Institut,https://files.ssi.dk/covid19/vaccinationstilslutning/vaccinationstilslutning-03022021-y84u
Denmark,DNK,2021-02-01 00:00:00,284676,189349,95327,8315,9866,4.91,3.27,1.65,1703,Moderna, Pfizer/BioNTech,Statens Serum Institut,https://files.ssi.dk/covid19/vaccinationstilslutning/vaccinationstilslutning-03022021-y84u
Denmark,DNK,2021-02-02 00:00:00,289511,191366,98145,4835,10278,5,3.3,1.69,1774,Moderna, Pfizer/BioNTech,Statens Serum Institut,https://files.ssi.dk/covid19/vaccinationstilslutning/vaccinationstilslutning-03022021-y84u
Denmark,DNK,2021-02-03 00:00:00,289512,191366,98146,1,9619,5,3.3,1.69,1661,Moderna, Pfizer/BioNTech,Statens Serum Institut,https://files.ssi.dk/covid19/vaccinationstilslutning/vaccinationstilslutning-03022021-y84u
Estonia,EST,2021-01-28 00:00:00,31629,25415,6214,2035,1378,2.38,1.92,0.47,1039,Pfizer/BioNTech,National Health Board,https://www.terviseamet.ee/et/uudised/covid-19-blogi-3-veebruar-oopaevaga-lisandus-688-positiivset-testi
Estonia,EST,2021-01-29 00:00:00,34019,26412,7607,2390,1403,2.56,1.99,0.57,1058,Pfizer/BioNTech,National Health Board,https://www.terviseamet.ee/et/uudised/covid-19-blogi-3-veebruar-oopaevaga-lisandus-688-positiivset-testi
Estonia,EST,2021-01-30 00:00:00,37230,27633,9597,3211,1647,2.81,2.08,0.72,1242,Pfizer/BioNTech,National Health Board,https://www.terviseamet.ee/et/uudised/covid-19-blogi-3-veebruar-oopaevaga-lisandus-688-positiivset-testi
Estonia,EST,2021-01-31 00:00:00,38055,27900,10155,825,1727,2.87,2.1,0.77,1302,Pfizer/BioNTech,National Health Board,https://www.terviseamet.ee/et/uudised/covid-19-blogi-3-veebruar-oopaevaga-lisandus-688-positiivset-testi
Estonia,EST,2021-02-01 00:00:00,38594,28186,10408,539,1781,2.91,2.12,0.78,1343,Pfizer/BioNTech,National Health Board,https://www.terviseamet.ee/et/uudised/covid-19-blogi-3-veebruar-oopaevaga-lisandus-688-positiivset-testi
Estonia,EST,2021-02-02 00:00:00,40217,28907,11310,1623,1862,3.03,2.18,0.85,1404,Pfizer/BioNTech,National Health Board,https://www.terviseamet.ee/et/uudised/covid-19-blogi-3-veebruar-oopaevaga-lisandus-688-positiivset-testi
Estonia,EST,2021-02-03 00:00:00,43000,30158,12842,2783,1915,3.24,2.27,0.97,1444,Pfizer/BioNTech,National Health Board,https://www.terviseamet.ee/et/uudised/covid-19-blogi-3-veebruar-oopaevaga-lisandus-688-positiivset-testi
Finland,FIN,2021-01-26 00:00:00,117007,110047,6960,6356,8740,2.11,1.99,0.13,1577,Pfizer/BioNTech,Finnish Institute for Health and Welfare,https://www.thl.fi/episeuranta/rokotukset/koronarokotusten_edistyminen.html
Finland,FIN,2021-01-27 00:00:00,126910,117555,9355,9903,9264,2.29,2.12,0.17,1672,Pfizer/BioNTech,Finnish Institute for Health and Welfare,https://www.thl.fi/episeuranta/rokotukset/koronarokotusten_edistyminen.html
Finland,FIN,2021-01-28 00:00:00,138323,127783,10540,11413,8575,2.5,2.31,0.19,1548,Pfizer/BioNTech,Finnish Institute for Health and Welfare,https://www.thl.fi/episeuranta/rokotukset/koronarokotusten_edistyminen.html
Finland,FIN,2021-01-29 00:00:00,151790,137551,14239,13467,8647,2.74,2.48,0.26,1561,Pfizer/BioNTech,Finnish Institute for Health and Welfare,https://www.thl.fi/episeuranta/rokotukset/koronarokotusten_edistyminen.html
Finland,FIN,2021-01-30 00:00:00,162277,144520,17757,10487,9222,2.93,2.61,0.32,1664,Pfizer/BioNTech,Finnish Institute for Health and Welfare,https://www.thl.fi/episeuranta/rokotukset/koronarokotusten_edistyminen.html
Finland,FIN,2021-02-02 00:00:00,163973,145770,18203,213,6709,2.96,2.63,0.33,1211,Pfizer/BioNTech,Finnish Institute for Health and Welfare,https://www.thl.fi/episeuranta/rokotukset/koronarokotusten_edistyminen.html
Finland,FIN,2021-02-03 00:00:00,173372,149951,23421,9399,6637,3.13,2.71,0.42,1198,Pfizer/BioNTech,Finnish Institute for Health and Welfare,https://www.thl.fi/episeuranta/rokotukset/koronarokotusten_edistyminen.html
France,FRA,2021-01-26 00:00:00,1171264,1165852,5412,96219,83647,1.73,1.72,0.01,1233,Pfizer/BioNTech,Public Health France,https://www.data.gouv.fr/fr/datasets/donnees-relatives-aux-personnes-vaccinees-contre-la-covid-19-1/
France,FRA,2021-01-27 00:00:00,1274711,1262972,11739,103447,80820,1.88,1.86,0.02,1191,Pfizer/BioNTech,Public Health France,https://www.data.gouv.fr/fr/datasets/donnees-relatives-aux-personnes-vaccinees-contre-la-covid-19-1/
France,FRA,2021-01-28 00:00:00,1396881,1372680,24201,122170,78072,2.06,2.02,0.04,1151,Pfizer/BioNTech,Public Health France,https://www.data.gouv.fr/fr/datasets/donnees-relatives-aux-personnes-vaccinees-contre-la-covid-19-1/
France,FRA,2021-01-29 00:00:00,1494643,1453325,41318,97762,76418,2.2,2.14,0.06,1127,Pfizer/BioNTech,Public Health France,https://www.data.gouv.fr/fr/datasets/donnees-relatives-aux-personnes-vaccinees-contre-la-covid-19-1/
France,FRA,2021-01-30 00:00:00,1525377,1479909,45468,30734,75747,2.25,2.18,0.07,1117,Pfizer/BioNTech,Public Health France,https://www.data.gouv.fr/fr/datasets/donnees-relatives-aux-personnes-vaccinees-contre-la-covid-19-1/
France,FRA,2021-01-31 00:00:00,1533630,1486493,47137,8253,75666,2.26,2.19,0.07,1115,Pfizer/BioNTech,Public Health France,https://www.data.gouv.fr/fr/datasets/donnees-relatives-aux-personnes-vaccinees-contre-la-covid-19-1/
France,FRA,2021-02-01 00:00:00,1609072,1541079,67993,75442,76290,2.37,2.27,0.1,1125,Pfizer/BioNTech,Public Health France,https://www.data.gouv.fr/fr/datasets/donnees-relatives-aux-personnes-vaccinees-contre-la-covid-19-1/
France,FRA,2021-02-02 00:00:00,1717385,1615088,102297,108313,78017,2.53,2.38,0.15,1150,Pfizer/BioNTech,Public Health France,https://www.data.gouv.fr/fr/datasets/donnees-relatives-aux-personnes-vaccinees-contre-la-covid-19-1/
Germany,DEU,2021-01-14 00:00:00,996301,996161,140,100430,70774,1.19,1.19,0,845,Moderna, Pfizer/BioNTech,Robert Koch Institut,https://impfdashboard.de/
Germany,DEU,2021-01-15 00:00:00,1089117,1088533,584,92816,75499,1.3,1.3,0,901,Moderna, Pfizer/BioNTech,Robert Koch Institut,https://impfdashboard.de/
Germany,DEU,2021-01-16 00:00:00,1146008,1144918,1090,56891,75555,1.37,1.37,0,902,Moderna, Pfizer/BioNTech,Robert Koch Institut,https://impfdashboard.de/
Germany,DEU,2021-01-17 00:00:00,1190550,1175925,14625,44542,77172,1.42,1.4,0.02,921,Moderna, Pfizer/BioNTech,Robert Koch Institut,https://impfdashboard.de/
Germany,DEU,2021-01-18 00:00:00,1264683,1233582,31101,74133,78408,1.51,1.47,0.04,936,Moderna, Pfizer/BioNTech,Robert Koch Institut,https://impfdashboard.de/
Germany,DEU,2021-01-19 00:00:00,1358401,1300246,58155,93718,80101,1.62,1.55,0.07,956,Moderna, Pfizer/BioNTech,Robert Koch Institut,https://impfdashboard.de/
Germany,DEU,2021-01-20 00:00:00,1485802,1377475,108327,127401,84276,1.77,1.64,0.13,1006,Moderna, Pfizer/BioNTech,Robert Koch Institut,https://impfdashboard.de/
Germany,DEU,2021-01-21 00:00:00,1579844,1437268,142576,94042,83363,1.89,1.72,0.17,995,Moderna, Pfizer/BioNTech,Robert Koch Institut,https://impfdashboard.de/
Germany,DEU,2021-01-22 00:00:00,1693179,1520359,172820,113335,86295,2.02,1.81,0.21,1030,Moderna, Pfizer/BioNTech,Robert Koch Institut,https://impfdashboard.de/
Germany,DEU,2021-01-23 00:00:00,1783785,1568479,215306,90606,91111,2.13,1.87,0.26,1087,Moderna, Pfizer/BioNTech,Robert Koch Institut,https://impfdashboard.de/
Germany,DEU,2021-01-24 00:00:00,1849345,1606358,242987,65560,94114,2.21,1.92,0.29,1123,Moderna, Pfizer/BioNTech,Robert Koch Institut,https://impfdashboard.de/
Germany,DEU,2021-01-25 00:00:00,1945348,1663397,281951,96003,97238,2.32,1.99,0.34,1161,Moderna, Pfizer/BioNTech,Robert Koch Institut,https://impfdashboard.de/
Germany,DEU,2021-01-26 00:00:00,2045994,1716258,329736,100646,98228,2.44,2.05,0.39,1172,Moderna, Pfizer/BioNTech,Robert Koch Institut,https://impfdashboard.de/
Germany,DEU,2021-01-27 00:00:00,2154953,1769555,385398,108959,95593,2.57,2.11,0.46,1141,Moderna, Pfizer/BioNTech,Robert Koch Institut,https://impfdashboard.de/
Germany,DEU,2021-01-28 00:00:00,2253492,1820865,432627,98539,96235,2.69,2.17,0.52,1149,Moderna, Pfizer/BioNTech,Robert Koch Institut,https://impfdashboard.de/
Germany,DEU,2021-01-29 00:00:00,2358241,1876728,481513,104749,95009,2.81,2.24,0.57,1134,Moderna, Pfizer/BioNTech,Robert Koch Institut,https://impfdashboard.de/
Germany,DEU,2021-01-30 00:00:00,2438081,1914060,524021,79840,93471,2.91,2.28,0.63,1116,Moderna, Pfizer/BioNTech,Robert Koch Institut,https://impfdashboard.de/
Germany,DEU,2021-01-31 00:00:00,2499097,1945006,554091,61016,92822,2.98,2.32,0.66,1108,Moderna, Pfizer/BioNTech,Robert Koch Institut,https://impfdashboard.de/
Germany,DEU,2021-02-01 00:00:00,2607533,1989836,617697,108436,94598,3.11,2.37,0.74,1129,Moderna, Pfizer/BioNTech,Robert Koch Institut,https://impfdashboard.de/
Germany,DEU,2021-02-02 00:00:00,2713210,2033561,679649,105677,95317,3.24,2.43,0.81,1138,Moderna, Pfizer/BioNTech,Robert Koch Institut,https://impfdashboard.de/
Gibraltar,GIB,2021-01-31 00:00:00,13286,12886,400,420,421,39.43,38.25,1.19,12496,Pfizer/BioNTech,Government of Gibraltar,https://twitter.com/GibraltarGov/status/1356988250972389380
Gibraltar,GIB,2021-02-01 00:00:00,14299,12974,1325,1013,537,42.44,38.51,3.93,15939,Pfizer/BioNTech,Government of Gibraltar,https://twitter.com/GibraltarGov/status/1356988250972389380
Gibraltar,GIB,2021-02-02 00:00:00,15391,13071,2320,1092,617,45.68,38.8,6.89,18313,Pfizer/BioNTech,Government of Gibraltar,https://twitter.com/GibraltarGov/status/1356988250972389380
Greece,GRC,2021-01-19 00:00:00,93179,92139,1040,7956,5283,0.89,0.88,0.01,507,Pfizer/BioNTech,Ministry of Health,https://www.data.gov.gr/datasets/mdg_emvolio/
Greece,GRC,2021-01-20 00:00:00,107335,105700,1635,14156,6102,1.03,1.01,0.02,585,Pfizer/BioNTech,Ministry of Health,https://www.data.gov.gr/datasets/mdg_emvolio/
Greece,GRC,2021-01-21 00:00:00,123347,121109,2238,16012,7522,1.18,1.16,0.02,722,Pfizer/BioNTech,Ministry of Health,https://www.data.gov.gr/datasets/mdg_emvolio/
Greece,GRC,2021-01-22 00:00:00,140870,138312,2558,17523,9371,1.35,1.33,0.02,899,Pfizer/BioNTech,Ministry of Health,https://www.data.gov.gr/datasets/mdg_emvolio/
Greece,GRC,2021-01-23 00:00:00,157388,154273,3115,16518,11092,1.51,1.48,0.03,1064,Pfizer/BioNTech,Ministry of Health,https://www.data.gov.gr/datasets/mdg_emvolio/
Greece,GRC,2021-01-26 00:00:00,195783,182778,13005,18406,14658,1.88,1.75,0.12,1406,Pfizer/BioNTech,Ministry of Health,https://www.data.gov.gr/datasets/mdg_emvolio/
Greece,GRC,2021-01-27 00:00:00,213735,196009,17726,17952,15200,2.05,1.88,0.17,1458,Pfizer/BioNTech,Ministry of Health,https://www.data.gov.gr/datasets/mdg_emvolio/
Greece,GRC,2021-01-28 00:00:00,232070,208461,23609,18335,15532,2.23,2,0.23,1490,Pfizer/BioNTech,Ministry of Health,https://www.data.gov.gr/datasets/mdg_emvolio/
Greece,GRC,2021-01-29 00:00:00,251303,218910,32393,19233,15776,2.41,2.1,0.31,1514,Pfizer/BioNTech,Ministry of Health,https://www.data.gov.gr/datasets/mdg_emvolio/
Greece,GRC,2021-01-30 00:00:00,269106,230518,38588,17803,15960,2.58,2.21,0.37,1531,Pfizer/BioNTech,Ministry of Health,https://www.data.gov.gr/datasets/mdg_emvolio/
Greece,GRC,2021-02-02 00:00:00,315661,261575,54086,24714,17125,3.03,2.51,0.52,1643,Pfizer/BioNTech,Ministry of Health,https://www.data.gov.gr/datasets/mdg_emvolio/
Greece,GRC,2021-02-03 00:00:00,338155,276135,62020,22494,17774,3.24,2.65,0.6,1705,Pfizer/BioNTech,Ministry of Health,https://www.data.gov.gr/datasets/mdg_emvolio/
Hungary,HUN,2021-01-18 00:00:00,131332,129689,1643,8144,7536,1.36,1.34,0.02,780,Pfizer/BioNTech,Government of Hungary,https://koronavirus.gov.hu/cikkek/1652-fovel-emelkedett-beazonositott-fertozottek-szama-es-elhunyt-93-beteg
Hungary,HUN,2021-01-19 00:00:00,133257,130318,2939,1925,6618,1.38,1.35,0.03,685,Pfizer/BioNTech,Government of Hungary,https://koronavirus.gov.hu/cikkek/1652-fovel-emelkedett-beazonositott-fertozottek-szama-es-elhunyt-93-beteg
Hungary,HUN,2021-01-20 00:00:00,138584,134554,4030,5327,6069,1.43,1.39,0.04,628,Pfizer/BioNTech,Government of Hungary,https://koronavirus.gov.hu/cikkek/1652-fovel-emelkedett-beazonositott-fertozottek-szama-es-elhunyt-93-beteg
Hungary,HUN,2021-01-21 00:00:00,144798,138983,5815,6214,5581,1.5,1.44,0.06,578,Pfizer/BioNTech,Government of Hungary,https://koronavirus.gov.hu/cikkek/1652-fovel-emelkedett-beazonositott-fertozottek-szama-es-elhunyt-93-beteg
Hungary,HUN,2021-01-22 00:00:00,150128,143184,6944,5330,5326,1.55,1.48,0.07,551,Pfizer/BioNTech,Government of Hungary,https://koronavirus.gov.hu/cikkek/1652-fovel-emelkedett-beazonositott-fertozottek-szama-es-elhunyt-93-beteg
Hungary,HUN,2021-01-23 00:00:00,153392,145257,8135,3264,4778,1.59,1.5,0.08,495,Pfizer/BioNTech,Government of Hungary,https://koronavirus.gov.hu/cikkek/1652-fovel-emelkedett-beazonositott-fertozottek-szama-es-elhunyt-93-beteg
Hungary,HUN,2021-01-24 00:00:00,156098,146695,9403,2706,4701,1.62,1.52,0.1,487,Pfizer/BioNTech,Government of Hungary,https://koronavirus.gov.hu/cikkek/1652-fovel-emelkedett-beazonositott-fertozottek-szama-es-elhunyt-93-beteg
Hungary,HUN,2021-01-25 00:00:00,162315,149676,12639,6217,4426,1.68,1.55,0.13,458,Pfizer/BioNTech,Government of Hungary,https://koronavirus.gov.hu/cikkek/1652-fovel-emelkedett-beazonositott-fertozottek-szama-es-elhunyt-93-beteg
Hungary,HUN,2021-01-26 00:00:00,170476,152704,17772,8161,5317,1.76,1.58,0.18,550,Pfizer/BioNTech,Government of Hungary,https://koronavirus.gov.hu/cikkek/1652-fovel-emelkedett-beazonositott-fertozottek-szama-es-elhunyt-93-beteg
Hungary,HUN,2021-01-27 00:00:00,187508,161215,26293,17032,6989,1.94,1.67,0.27,723,Pfizer/BioNTech,Government of Hungary,https://koronavirus.gov.hu/cikkek/1652-fovel-emelkedett-beazonositott-fertozottek-szama-es-elhunyt-93-beteg
Hungary,HUN,2021-01-28 00:00:00,213010,175283,37727,25502,9745,2.2,1.81,0.39,1009,Pfizer/BioNTech,Government of Hungary,https://koronavirus.gov.hu/cikkek/1652-fovel-emelkedett-beazonositott-fertozottek-szama-es-elhunyt-93-beteg
Hungary,HUN,2021-01-29 00:00:00,247889,198283,49606,34879,13966,2.57,2.05,0.51,1446,Pfizer/BioNTech,Government of Hungary,https://koronavirus.gov.hu/cikkek/1652-fovel-emelkedett-beazonositott-fertozottek-szama-es-elhunyt-93-beteg
Hungary,HUN,2021-01-30 00:00:00,278830,222005,56825,30941,17920,2.89,2.3,0.59,1855,Pfizer/BioNTech,Government of Hungary,https://koronavirus.gov.hu/cikkek/1652-fovel-emelkedett-beazonositott-fertozottek-szama-es-elhunyt-93-beteg
Hungary,HUN,2021-01-31 00:00:00,299138,237872,61266,20308,20434,3.1,2.46,0.63,2115,Pfizer/BioNTech,Government of Hungary,https://koronavirus.gov.hu/cikkek/1652-fovel-emelkedett-beazonositott-fertozottek-szama-es-elhunyt-93-beteg
Hungary,HUN,2021-02-01 00:00:00,311662,243136,68526,12524,21335,3.23,2.52,0.71,2209,Pfizer/BioNTech,Government of Hungary,https://koronavirus.gov.hu/cikkek/1652-fovel-emelkedett-beazonositott-fertozottek-szama-es-elhunyt-93-beteg
Hungary,HUN,2021-02-02 00:00:00,322306,247270,75036,10644,21690,3.34,2.56,0.78,2245,Pfizer/BioNTech,Government of Hungary,https://koronavirus.gov.hu/cikkek/1652-fovel-emelkedett-beazonositott-fertozottek-szama-es-elhunyt-93-beteg
Hungary,HUN,2021-02-03 00:00:00,334130,249687,84452,11824,20946,3.46,2.58,0.87,2168,Pfizer/BioNTech,Government of Hungary,https://koronavirus.gov.hu/cikkek/1652-fovel-emelkedett-beazonositott-fertozottek-szama-es-elhunyt-93-beteg
Indonesia,IDN,2021-01-28 00:00:00,373786,368318,5468,65783,36427,0.14,0.13,0,133,Sinovac,Ministry of Health,https://www.kemkes.go.id/
Indonesia,IDN,2021-01-29 00:00:00,416299,405012,11287,42513,40614,0.15,0.15,0,148,Sinovac,Ministry of Health,https://www.kemkes.go.id/
Indonesia,IDN,2021-01-30 00:00:00,502955,482145,20810,86656,51762,0.18,0.18,0.01,189,Sinovac,Ministry of Health,https://www.kemkes.go.id/
Indonesia,IDN,2021-01-31 00:00:00,515681,493133,22548,12726,52348,0.19,0.18,0.01,191,Sinovac,Ministry of Health,https://www.kemkes.go.id/
Indonesia,IDN,2021-02-01 00:00:00,574938,539532,35406,59257,58997,0.21,0.2,0.01,216,Sinovac,Ministry of Health,https://www.kemkes.go.id/
Indonesia,IDN,2021-02-02 00:00:00,648259,596260,51999,73321,57511,0.24,0.22,0.02,210,Sinovac,Ministry of Health,https://www.kemkes.go.id/
Indonesia,IDN,2021-02-03 00:00:00,717647,646026,71621,69388,58521,0.26,0.24,0.03,214,Sinovac,Ministry of Health,https://www.kemkes.go.id/
Isle of Man,IMN,2021-01-26 00:00:00,4886,4247,639,677,266,5.75,4.99,0.75,3128,Pfizer/BioNTech,Isle of Man Government,https://covid19.gov.im/general-information/covid-19-vaccination-statistics/
Isle of Man,IMN,2021-01-27 00:00:00,5587,4550,1037,701,338,6.57,5.35,1.22,3975,Pfizer/BioNTech,Isle of Man Government,https://covid19.gov.im/general-information/covid-19-vaccination-statistics/
Isle of Man,IMN,2021-01-28 00:00:00,6281,5243,1038,694,389,7.39,6.17,1.22,4575,Pfizer/BioNTech,Isle of Man Government,https://covid19.gov.im/general-information/covid-19-vaccination-statistics/
Isle of Man,IMN,2021-01-29 00:00:00,6859,5829,1030,578,459,8.07,6.86,1.21,5398,Pfizer/BioNTech,Isle of Man Government,https://covid19.gov.im/general-information/covid-19-vaccination-statistics/
Isle of Man,IMN,2021-02-03 00:00:00,9563,7387,2176,1261,568,11.25,8.69,2.56,6680,Pfizer/BioNTech,Isle of Man Government,https://covid19.gov.im/general-information/covid-19-vaccination-statistics/
Israel,ISR,2021-01-04 00:00:00,1404635,1404633,2,139675,126938,16.23,16.23,0,14666,Moderna, Pfizer/BioNTech,Government of Israel,https://datadashboard.health.gov.il/COVID-19/general
Israel,ISR,2021-01-05 00:00:00,1527615,1527613,2,122980,122523,17.65,17.65,0,14155,Moderna, Pfizer/BioNTech,Government of Israel,https://datadashboard.health.gov.il/COVID-19/general
Israel,ISR,2021-01-06 00:00:00,1628389,1628387,2,100774,115432,18.81,18.81,0,13336,Moderna, Pfizer/BioNTech,Government of Israel,https://datadashboard.health.gov.il/COVID-19/general
Israel,ISR,2021-01-07 00:00:00,1742130,1742124,6,113741,109336,20.13,20.13,0,12632,Moderna, Pfizer/BioNTech,Government of Israel,https://datadashboard.health.gov.il/COVID-19/general
Israel,ISR,2021-01-08 00:00:00,1807470,1807459,11,65340,108594,20.88,20.88,0,12546,Moderna, Pfizer/BioNTech,Government of Israel,https://datadashboard.health.gov.il/COVID-19/general
Israel,ISR,2021-01-09 00:00:00,1851426,1851389,37,43956,104739,21.39,21.39,0,12101,Moderna, Pfizer/BioNTech,Government of Israel,https://datadashboard.health.gov.il/COVID-19/general
Israel,ISR,2021-01-10 00:00:00,1894282,1888284,5998,42856,89903,21.89,21.82,0.07,10387,Moderna, Pfizer/BioNTech,Government of Israel,https://datadashboard.health.gov.il/COVID-19/general
Israel,ISR,2021-01-11 00:00:00,1933637,1908577,25060,39355,75572,22.34,22.05,0.29,8731,Moderna, Pfizer/BioNTech,Government of Israel,https://datadashboard.health.gov.il/COVID-19/general
Israel,ISR,2021-01-12 00:00:00,1992412,1932125,60287,58775,66400,23.02,22.32,0.7,7671,Moderna, Pfizer/BioNTech,Government of Israel,https://datadashboard.health.gov.il/COVID-19/general
Israel,ISR,2021-01-13 00:00:00,2099353,1983468,115885,106941,67281,24.25,22.92,1.34,7773,Moderna, Pfizer/BioNTech,Government of Israel,https://datadashboard.health.gov.il/COVID-19/general
Israel,ISR,2021-01-14 00:00:00,2222312,2038964,183348,122959,68597,25.68,23.56,2.12,7925,Moderna, Pfizer/BioNTech,Government of Israel,https://datadashboard.health.gov.il/COVID-19/general
Israel,ISR,2021-01-15 00:00:00,2287823,2069329,218494,65511,68622,26.43,23.91,2.52,7928,Moderna, Pfizer/BioNTech,Government of Israel,https://datadashboard.health.gov.il/COVID-19/general
Israel,ISR,2021-01-16 00:00:00,2342448,2098449,243999,54625,70146,27.06,24.24,2.82,8104,Moderna, Pfizer/BioNTech,Government of Israel,https://datadashboard.health.gov.il/COVID-19/general
Israel,ISR,2021-01-17 00:00:00,2492880,2166032,326848,150432,85514,28.8,25.02,3.78,9880,Moderna, Pfizer/BioNTech,Government of Israel,https://datadashboard.health.gov.il/COVID-19/general
Israel,ISR,2021-01-18 00:00:00,2679596,2235465,444131,186716,106566,30.96,25.83,5.13,12312,Moderna, Pfizer/BioNTech,Government of Israel,https://datadashboard.health.gov.il/COVID-19/general
Israel,ISR,2021-01-19 00:00:00,2886699,2307993,578706,207103,127755,33.35,26.66,6.69,14760,Moderna, Pfizer/BioNTech,Government of Israel,https://datadashboard.health.gov.il/COVID-19/general
Israel,ISR,2021-01-20 00:00:00,3104197,2385502,718695,217498,143549,35.86,27.56,8.3,16585,Moderna, Pfizer/BioNTech,Government of Israel,https://datadashboard.health.gov.il/COVID-19/general
Israel,ISR,2021-01-21 00:00:00,3334962,2456686,878276,230765,158950,38.53,28.38,10.15,18364,Moderna, Pfizer/BioNTech,Government of Israel,https://datadashboard.health.gov.il/COVID-19/general
Israel,ISR,2021-01-22 00:00:00,3442931,2495402,947529,107969,165015,39.78,28.83,10.95,19065,Moderna, Pfizer/BioNTech,Government of Israel,https://datadashboard.health.gov.il/COVID-19/general
Israel,ISR,2021-01-23 00:00:00,3535751,2535929,999822,92820,170472,40.85,29.3,11.55,19695,Moderna, Pfizer/BioNTech,Government of Israel,https://datadashboard.health.gov.il/COVID-19/general
Israel,ISR,2021-01-24 00:00:00,3742757,2606960,1135797,207006,178554,43.24,30.12,13.12,20629,Moderna, Pfizer/BioNTech,Government of Israel,https://datadashboard.health.gov.il/COVID-19/general
Israel,ISR,2021-01-25 00:00:00,3960313,2695160,1265153,217556,182960,45.75,31.14,14.62,21138,Moderna, Pfizer/BioNTech,Government of Israel,https://datadashboard.health.gov.il/COVID-19/general
Israel,ISR,2021-01-26 00:00:00,4162169,2776101,1386068,201856,182210,48.09,32.07,16.01,21051,Moderna, Pfizer/BioNTech,Government of Israel,https://datadashboard.health.gov.il/COVID-19/general
Israel,ISR,2021-01-27 00:00:00,4363008,2856751,1506257,200839,179830,50.41,33,17.4,20776,Moderna, Pfizer/BioNTech,Government of Israel,https://datadashboard.health.gov.il/COVID-19/general
Israel,ISR,2021-01-28 00:00:00,4571547,2938913,1632634,208539,176655,52.82,33.95,18.86,20409,Moderna, Pfizer/BioNTech,Government of Israel,https://datadashboard.health.gov.il/COVID-19/general
Israel,ISR,2021-01-29 00:00:00,4672215,2976683,1695532,100668,175612,53.98,34.39,19.59,20289,Moderna, Pfizer/BioNTech,Government of Israel,https://datadashboard.health.gov.il/COVID-19/general
Israel,ISR,2021-01-30 00:00:00,4748867,3011618,1737249,76652,173302,54.87,34.79,20.07,20022,Moderna, Pfizer/BioNTech,Government of Israel,https://datadashboard.health.gov.il/COVID-19/general
Israel,ISR,2021-01-31 00:00:00,4880813,3085957,1794856,131946,162579,56.39,35.65,20.74,18783,Moderna, Pfizer/BioNTech,Government of Israel,https://datadashboard.health.gov.il/COVID-19/general
Israel,ISR,2021-02-01 00:00:00,4997639,3168925,1828714,116826,148189,57.74,36.61,21.13,17121,Moderna, Pfizer/BioNTech,Government of Israel,https://datadashboard.health.gov.il/COVID-19/general
Israel,ISR,2021-02-02 00:00:00,5097767,3239071,1858696,100128,133657,58.9,37.42,21.47,15442,Moderna, Pfizer/BioNTech,Government of Israel,https://datadashboard.health.gov.il/COVID-19/general
Israel,ISR,2021-02-03 00:00:00,5205176,3298233,1906943,107409,120310,60.14,38.11,22.03,13900,Moderna, Pfizer/BioNTech,Government of Israel,https://datadashboard.health.gov.il/COVID-19/general
Italy,ITA,2021-01-17 00:00:00,1196180,1193383,2797,35851,75792,1.98,1.97,0,1254,Moderna, Pfizer/BioNTech,Extraordinary commissioner for the Covid-19 emergency,https://github.com/italia/covid19-opendata-vaccini/blob/master/dati/somministrazioni-vaccini-summary-latest.csv
Italy,ITA,2021-01-18 00:00:00,1237570,1230382,7188,41390,70242,2.05,2.03,0.01,1162,Moderna, Pfizer/BioNTech,Extraordinary commissioner for the Covid-19 emergency,https://github.com/italia/covid19-opendata-vaccini/blob/master/dati/somministrazioni-vaccini-summary-latest.csv
Italy,ITA,2021-01-19 00:00:00,1269152,1260192,8960,31582,63277,2.1,2.08,0.01,1047,Moderna, Pfizer/BioNTech,Extraordinary commissioner for the Covid-19 emergency,https://github.com/italia/covid19-opendata-vaccini/blob/master/dati/somministrazioni-vaccini-summary-latest.csv
Italy,ITA,2021-01-20 00:00:00,1298366,1284934,13432,29214,54253,2.15,2.13,0.02,897,Moderna, Pfizer/BioNTech,Extraordinary commissioner for the Covid-19 emergency,https://github.com/italia/covid19-opendata-vaccini/blob/master/dati/somministrazioni-vaccini-summary-latest.csv
Italy,ITA,2021-01-21 00:00:00,1332575,1299786,32789,34209,46112,2.2,2.15,0.05,763,Moderna, Pfizer/BioNTech,Extraordinary commissioner for the Covid-19 emergency,https://github.com/italia/covid19-opendata-vaccini/blob/master/dati/somministrazioni-vaccini-summary-latest.csv
Italy,ITA,2021-01-22 00:00:00,1358013,1311380,46633,25438,37281,2.25,2.17,0.08,617,Moderna, Pfizer/BioNTech,Extraordinary commissioner for the Covid-19 emergency,https://github.com/italia/covid19-opendata-vaccini/blob/master/dati/somministrazioni-vaccini-summary-latest.csv
Italy,ITA,2021-01-23 00:00:00,1396128,1316970,79158,38115,33686,2.31,2.18,0.13,557,Moderna, Pfizer/BioNTech,Extraordinary commissioner for the Covid-19 emergency,https://github.com/italia/covid19-opendata-vaccini/blob/master/dati/somministrazioni-vaccini-summary-latest.csv
Italy,ITA,2021-01-24 00:00:00,1429621,1319954,109667,33493,33349,2.36,2.18,0.18,552,Moderna, Pfizer/BioNTech,Extraordinary commissioner for the Covid-19 emergency,https://github.com/italia/covid19-opendata-vaccini/blob/master/dati/somministrazioni-vaccini-summary-latest.csv
Italy,ITA,2021-01-25 00:00:00,1497598,1324424,173174,67977,37147,2.48,2.19,0.29,614,Moderna, Pfizer/BioNTech,Extraordinary commissioner for the Covid-19 emergency,https://github.com/italia/covid19-opendata-vaccini/blob/master/dati/somministrazioni-vaccini-summary-latest.csv
Italy,ITA,2021-01-26 00:00:00,1576750,1328541,248209,79152,43943,2.61,2.2,0.41,727,Moderna, Pfizer/BioNTech,Extraordinary commissioner for the Covid-19 emergency,https://github.com/italia/covid19-opendata-vaccini/blob/master/dati/somministrazioni-vaccini-summary-latest.csv
Italy,ITA,2021-01-27 00:00:00,1646513,1334365,312148,69763,49735,2.72,2.21,0.52,823,Moderna, Pfizer/BioNTech,Extraordinary commissioner for the Covid-19 emergency,https://github.com/italia/covid19-opendata-vaccini/blob/master/dati/somministrazioni-vaccini-summary-latest.csv
Italy,ITA,2021-01-28 00:00:00,1738684,1338605,400079,92171,58016,2.88,2.21,0.66,960,Moderna, Pfizer/BioNTech,Extraordinary commissioner for the Covid-19 emergency,https://github.com/italia/covid19-opendata-vaccini/blob/master/dati/somministrazioni-vaccini-summary-latest.csv
Italy,ITA,2021-01-29 00:00:00,1834066,1342875,491191,95382,68008,3.03,2.22,0.81,1125,Moderna, Pfizer/BioNTech,Extraordinary commissioner for the Covid-19 emergency,https://github.com/italia/covid19-opendata-vaccini/blob/master/dati/somministrazioni-vaccini-summary-latest.csv
Italy,ITA,2021-01-30 00:00:00,1920878,1346594,574284,86812,74964,3.18,2.23,0.95,1240,Moderna, Pfizer/BioNTech,Extraordinary commissioner for the Covid-19 emergency,https://github.com/italia/covid19-opendata-vaccini/blob/master/dati/somministrazioni-vaccini-summary-latest.csv
Italy,ITA,2021-01-31 00:00:00,1979122,1349012,630110,58244,78500,3.27,2.23,1.04,1298,Moderna, Pfizer/BioNTech,Extraordinary commissioner for the Covid-19 emergency,https://github.com/italia/covid19-opendata-vaccini/blob/master/dati/somministrazioni-vaccini-summary-latest.csv
Italy,ITA,2021-02-01 00:00:00,2060450,1353179,707271,81328,80407,3.41,2.24,1.17,1330,Moderna, Pfizer/BioNTech,Extraordinary commissioner for the Covid-19 emergency,https://github.com/italia/covid19-opendata-vaccini/blob/master/dati/somministrazioni-vaccini-summary-latest.csv
Italy,ITA,2021-02-02 00:00:00,2143038,1358842,784196,82588,80898,3.54,2.25,1.3,1338,Moderna, Pfizer/BioNTech,Extraordinary commissioner for the Covid-19 emergency,https://github.com/italia/covid19-opendata-vaccini/blob/master/dati/somministrazioni-vaccini-summary-latest.csv
Italy,ITA,2021-02-03 00:00:00,2233982,1366745,867237,90944,83924,3.69,2.26,1.43,1388,Moderna, Pfizer/BioNTech,Extraordinary commissioner for the Covid-19 emergency,https://github.com/italia/covid19-opendata-vaccini/blob/master/dati/somministrazioni-vaccini-summary-latest.csv
Lithuania,LTU,2021-01-17 00:00:00,51936,50848,1088,1130,4063,1.91,1.87,0.04,1492,Moderna, Pfizer/BioNTech,Ministry of Health,https://ls-osp-sdg.maps.arcgis.com/apps/opsdashboard/index.html#/b7063ad3f8c149d394be7f043dfce460
Lithuania,LTU,2021-01-18 00:00:00,56434,53675,2759,4498,4390,2.07,1.97,0.1,1613,Moderna, Pfizer/BioNTech,Ministry of Health,https://ls-osp-sdg.maps.arcgis.com/apps/opsdashboard/index.html#/b7063ad3f8c149d394be7f043dfce460
Lithuania,LTU,2021-01-19 00:00:00,62701,56035,6666,6267,4988,2.3,2.06,0.24,1832,Moderna, Pfizer/BioNTech,Ministry of Health,https://ls-osp-sdg.maps.arcgis.com/apps/opsdashboard/index.html#/b7063ad3f8c149d394be7f043dfce460
Lithuania,LTU,2021-01-20 00:00:00,66169,57671,8498,3468,4612,2.43,2.12,0.31,1694,Moderna, Pfizer/BioNTech,Ministry of Health,https://ls-osp-sdg.maps.arcgis.com/apps/opsdashboard/index.html#/b7063ad3f8c149d394be7f043dfce460
Lithuania,LTU,2021-01-21 00:00:00,67668,58536,9132,1499,3597,2.49,2.15,0.34,1321,Moderna, Pfizer/BioNTech,Ministry of Health,https://ls-osp-sdg.maps.arcgis.com/apps/opsdashboard/index.html#/b7063ad3f8c149d394be7f043dfce460
Lithuania,LTU,2021-01-22 00:00:00,68017,58815,9202,349,2614,2.5,2.16,0.34,960,Moderna, Pfizer/BioNTech,Ministry of Health,https://ls-osp-sdg.maps.arcgis.com/apps/opsdashboard/index.html#/b7063ad3f8c149d394be7f043dfce460
Lithuania,LTU,2021-01-23 00:00:00,68025,58823,9202,8,2460,2.5,2.16,0.34,904,Moderna, Pfizer/BioNTech,Ministry of Health,https://ls-osp-sdg.maps.arcgis.com/apps/opsdashboard/index.html#/b7063ad3f8c149d394be7f043dfce460
Lithuania,LTU,2021-01-26 00:00:00,71153,61325,9828,3091,1207,2.61,2.25,0.36,443,Moderna, Pfizer/BioNTech,Ministry of Health,https://ls-osp-sdg.maps.arcgis.com/apps/opsdashboard/index.html#/b7063ad3f8c149d394be7f043dfce460
Lithuania,LTU,2021-01-27 00:00:00,78034,65157,12877,6881,1695,2.87,2.39,0.47,623,Moderna, Pfizer/BioNTech,Ministry of Health,https://ls-osp-sdg.maps.arcgis.com/apps/opsdashboard/index.html#/b7063ad3f8c149d394be7f043dfce460
Lithuania,LTU,2021-01-28 00:00:00,85076,68533,16543,7042,2487,3.13,2.52,0.61,914,Moderna, Pfizer/BioNTech,Ministry of Health,https://ls-osp-sdg.maps.arcgis.com/apps/opsdashboard/index.html#/b7063ad3f8c149d394be7f043dfce460
Lithuania,LTU,2021-01-29 00:00:00,93057,71483,21574,7981,3577,3.42,2.63,0.79,1314,Moderna, Pfizer/BioNTech,Ministry of Health,https://ls-osp-sdg.maps.arcgis.com/apps/opsdashboard/index.html#/b7063ad3f8c149d394be7f043dfce460
Lithuania,LTU,2021-01-30 00:00:00,93661,71676,21985,604,3662,3.44,2.63,0.81,1345,Moderna, Pfizer/BioNTech,Ministry of Health,https://ls-osp-sdg.maps.arcgis.com/apps/opsdashboard/index.html#/b7063ad3f8c149d394be7f043dfce460
Lithuania,LTU,2021-01-31 00:00:00,93669,71684,21985,8,3661,3.44,2.63,0.81,1345,Moderna, Pfizer/BioNTech,Ministry of Health,https://ls-osp-sdg.maps.arcgis.com/apps/opsdashboard/index.html#/b7063ad3f8c149d394be7f043dfce460
Lithuania,LTU,2021-02-01 00:00:00,96534,72728,23806,2865,4067,3.55,2.67,0.87,1494,Moderna, Pfizer/BioNTech,Ministry of Health,https://ls-osp-sdg.maps.arcgis.com/apps/opsdashboard/index.html#/b7063ad3f8c149d394be7f043dfce460
Lithuania,LTU,2021-02-02 00:00:00,100263,74313,25950,3729,4159,3.68,2.73,0.95,1528,Moderna, Pfizer/BioNTech,Ministry of Health,https://ls-osp-sdg.maps.arcgis.com/apps/opsdashboard/index.html#/b7063ad3f8c149d394be7f043dfce460
Lithuania,LTU,2021-02-03 00:00:00,106045,75804,30241,5782,4002,3.9,2.78,1.11,1470,Moderna, Pfizer/BioNTech,Ministry of Health,https://ls-osp-sdg.maps.arcgis.com/apps/opsdashboard/index.html#/b7063ad3f8c149d394be7f043dfce460
Luxembourg,LUX,2021-01-26 00:00:00,9525,8280,1245,971,604,1.52,1.32,0.2,965,Pfizer/BioNTech,Government of Luxembourg,https://data.public.lu/fr/datasets/r/fec6d5ff-06a5-448c-932f-27ea2067b055
Luxembourg,LUX,2021-01-27 00:00:00,10449,9107,1342,924,608,1.67,1.45,0.21,971,Pfizer/BioNTech,Government of Luxembourg,https://data.public.lu/fr/datasets/r/fec6d5ff-06a5-448c-932f-27ea2067b055
Luxembourg,LUX,2021-01-28 00:00:00,11373,9890,1483,924,639,1.82,1.58,0.24,1021,Pfizer/BioNTech,Government of Luxembourg,https://data.public.lu/fr/datasets/r/fec6d5ff-06a5-448c-932f-27ea2067b055
Luxembourg,LUX,2021-02-01 00:00:00,13241,11336,1905,813,670,2.12,1.81,0.3,1070,Pfizer/BioNTech,Government of Luxembourg,https://data.public.lu/fr/datasets/r/fec6d5ff-06a5-448c-932f-27ea2067b055
Luxembourg,LUX,2021-02-02 00:00:00,14252,11925,2327,1011,675,2.28,1.91,0.37,1078,Pfizer/BioNTech,Government of Luxembourg,https://data.public.lu/fr/datasets/r/fec6d5ff-06a5-448c-932f-27ea2067b055
Malta,MLT,2021-01-24 00:00:00,19981,18783,1198,1051,1182,4.53,4.25,0.27,2677,Pfizer/BioNTech,Ministry of Health,https://deputyprimeminister.gov.mt/en/health-promotion/covid-19/Pages/covid-19-infographics.aspx
Malta,MLT,2021-01-25 00:00:00,21172,19709,1463,1191,1167,4.8,4.46,0.33,2643,Pfizer/BioNTech,Ministry of Health,https://deputyprimeminister.gov.mt/en/health-promotion/covid-19/Pages/covid-19-infographics.aspx
Malta,MLT,2021-01-26 00:00:00,22371,20677,1694,1199,1156,5.07,4.68,0.38,2618,Pfizer/BioNTech,Ministry of Health,https://deputyprimeminister.gov.mt/en/health-promotion/covid-19/Pages/covid-19-infographics.aspx
Malta,MLT,2021-01-27 00:00:00,23512,21417,2095,1141,1171,5.33,4.85,0.47,2652,Pfizer/BioNTech,Ministry of Health,https://deputyprimeminister.gov.mt/en/health-promotion/covid-19/Pages/covid-19-infographics.aspx
Malta,MLT,2021-01-28 00:00:00,24680,22162,2518,1168,1164,5.59,5.02,0.57,2636,Pfizer/BioNTech,Ministry of Health,https://deputyprimeminister.gov.mt/en/health-promotion/covid-19/Pages/covid-19-infographics.aspx
Malta,MLT,2021-01-29 00:00:00,25822,22853,2969,1142,1151,5.85,5.18,0.67,2607,Pfizer/BioNTech,Ministry of Health,https://deputyprimeminister.gov.mt/en/health-promotion/covid-19/Pages/covid-19-infographics.aspx
Malta,MLT,2021-01-30 00:00:00,26847,23391,3456,1025,1131,6.08,5.3,0.78,2561,Pfizer/BioNTech,Ministry of Health,https://deputyprimeminister.gov.mt/en/health-promotion/covid-19/Pages/covid-19-infographics.aspx
Malta,MLT,2021-02-02 00:00:00,29002,24526,4476,1243,947,6.57,5.55,1.01,2145,Pfizer/BioNTech,Ministry of Health,https://deputyprimeminister.gov.mt/en/health-promotion/covid-19/Pages/covid-19-infographics.aspx
Malta,MLT,2021-02-03 00:00:00,30252,25361,4891,1250,963,6.85,5.74,1.11,2181,Pfizer/BioNTech,Ministry of Health,https://deputyprimeminister.gov.mt/en/health-promotion/covid-19/Pages/covid-19-infographics.aspx
Mexico,MEX,2021-01-15 00:00:00,417375,415417,1958,87392,49987,0.32,0.32,0,388,Pfizer/BioNTech,Secretary of Health,https://www.gob.mx/salud/prensa/version-estenografica-conferencia-de-prensa-informe-diario-sobre-coronavirus-covid-19-en-mexico-262965?idiom=es
Mexico,MEX,2021-01-16 00:00:00,463246,461025,2221,45871,55493,0.36,0.36,0,430,Pfizer/BioNTech,Secretary of Health,https://www.gob.mx/salud/prensa/version-estenografica-conferencia-de-prensa-informe-diario-sobre-coronavirus-covid-19-en-mexico-262965?idiom=es
Mexico,MEX,2021-01-17 00:00:00,472142,468708,3434,8896,55835,0.37,0.36,0,433,Pfizer/BioNTech,Secretary of Health,https://www.gob.mx/salud/prensa/version-estenografica-conferencia-de-prensa-informe-diario-sobre-coronavirus-covid-19-en-mexico-262965?idiom=es
Mexico,MEX,2021-01-18 00:00:00,492529,485983,6546,20387,57924,0.38,0.38,0.01,449,Pfizer/BioNTech,Secretary of Health,https://www.gob.mx/salud/prensa/version-estenografica-conferencia-de-prensa-informe-diario-sobre-coronavirus-covid-19-en-mexico-262965?idiom=es
Mexico,MEX,2021-01-19 00:00:00,498122,488513,9609,5593,57892,0.39,0.38,0.01,449,Pfizer/BioNTech,Secretary of Health,https://www.gob.mx/salud/prensa/version-estenografica-conferencia-de-prensa-informe-diario-sobre-coronavirus-covid-19-en-mexico-262965?idiom=es
Mexico,MEX,2021-01-20 00:00:00,501030,489628,11402,2908,44066,0.39,0.38,0.01,342,Pfizer/BioNTech,Secretary of Health,https://www.gob.mx/salud/prensa/version-estenografica-conferencia-de-prensa-informe-diario-sobre-coronavirus-covid-19-en-mexico-262965?idiom=es
Mexico,MEX,2021-01-21 00:00:00,552335,534317,18018,51305,31765,0.43,0.41,0.01,246,Pfizer/BioNTech,Secretary of Health,https://www.gob.mx/salud/prensa/version-estenografica-conferencia-de-prensa-informe-diario-sobre-coronavirus-covid-19-en-mexico-262965?idiom=es
Mexico,MEX,2021-01-22 00:00:00,614808,594725,20083,62473,28205,0.48,0.46,0.02,219,Pfizer/BioNTech,Secretary of Health,https://www.gob.mx/salud/prensa/version-estenografica-conferencia-de-prensa-informe-diario-sobre-coronavirus-covid-19-en-mexico-262965?idiom=es
Mexico,MEX,2021-01-23 00:00:00,618768,596296,22472,3960,22217,0.48,0.46,0.02,172,Pfizer/BioNTech,Secretary of Health,https://www.gob.mx/salud/prensa/version-estenografica-conferencia-de-prensa-informe-diario-sobre-coronavirus-covid-19-en-mexico-262965?idiom=es
Mexico,MEX,2021-01-24 00:00:00,629626,604441,25185,10858,22498,0.49,0.47,0.02,174,Pfizer/BioNTech,Secretary of Health,https://www.gob.mx/salud/prensa/version-estenografica-conferencia-de-prensa-informe-diario-sobre-coronavirus-covid-19-en-mexico-262965?idiom=es
Mexico,MEX,2021-01-25 00:00:00,645105,616390,28715,15479,21797,0.5,0.48,0.02,169,Pfizer/BioNTech,Secretary of Health,https://www.gob.mx/salud/prensa/version-estenografica-conferencia-de-prensa-informe-diario-sobre-coronavirus-covid-19-en-mexico-262965?idiom=es
Mexico,MEX,2021-01-26 00:00:00,652319,621005,31314,7214,22028,0.51,0.48,0.02,171,Pfizer/BioNTech,Secretary of Health,https://www.gob.mx/salud/prensa/version-estenografica-conferencia-de-prensa-informe-diario-sobre-coronavirus-covid-19-en-mexico-262965?idiom=es
Mexico,MEX,2021-01-27 00:00:00,656044,624730,31314,3725,22145,0.51,0.48,0.02,172,Pfizer/BioNTech,Secretary of Health,https://www.gob.mx/salud/prensa/version-estenografica-conferencia-de-prensa-informe-diario-sobre-coronavirus-covid-19-en-mexico-262965?idiom=es
Mexico,MEX,2021-01-28 00:00:00,657842,626528,31314,1798,15072,0.51,0.49,0.02,117,Pfizer/BioNTech,Secretary of Health,https://www.gob.mx/salud/prensa/version-estenografica-conferencia-de-prensa-informe-diario-sobre-coronavirus-covid-19-en-mexico-262965?idiom=es
Mexico,MEX,2021-01-29 00:00:00,662217,630820,31397,4375,6773,0.51,0.49,0.02,53,Pfizer/BioNTech,Secretary of Health,https://www.gob.mx/salud/prensa/version-estenografica-conferencia-de-prensa-informe-diario-sobre-coronavirus-covid-19-en-mexico-262965?idiom=es
Mexico,MEX,2021-01-30 00:00:00,670307,631298,39009,8090,7363,0.52,0.49,0.03,57,Pfizer/BioNTech,Secretary of Health,https://www.gob.mx/salud/prensa/version-estenografica-conferencia-de-prensa-informe-diario-sobre-coronavirus-covid-19-en-mexico-262965?idiom=es
Mexico,MEX,2021-01-31 00:00:00,673327,631485,41842,3020,6243,0.52,0.49,0.03,48,Pfizer/BioNTech,Secretary of Health,https://www.gob.mx/salud/prensa/version-estenografica-conferencia-de-prensa-informe-diario-sobre-coronavirus-covid-19-en-mexico-262965?idiom=es
Mexico,MEX,2021-02-01 00:00:00,675202,614689,43455,1875,4300,0.52,0.48,0.03,33,Pfizer/BioNTech,Secretary of Health,https://www.gob.mx/salud/prensa/version-estenografica-conferencia-de-prensa-informe-diario-sobre-coronavirus-covid-19-en-mexico-262965?idiom=es
Mexico,MEX,2021-02-02 00:00:00,677539,614733,45748,2337,3603,0.53,0.48,0.04,28,Pfizer/BioNTech,Secretary of Health,https://www.gob.mx/salud/prensa/version-estenografica-conferencia-de-prensa-informe-diario-sobre-coronavirus-covid-19-en-mexico-262965?idiom=es
Mexico,MEX,2021-02-03 00:00:00,686601,615381,54162,9062,4365,0.53,0.48,0.04,34,Pfizer/BioNTech,Secretary of Health,https://www.gob.mx/salud/prensa/version-estenografica-conferencia-de-prensa-informe-diario-sobre-coronavirus-covid-19-en-mexico-262965?idiom=es
Norway,NOR,2021-01-17 00:00:00,51254,51249,5,349,4033,0.95,0.95,0,744,Pfizer/BioNTech,Norwegian Institute of Public Health,https://www.fhi.no/sv/vaksine/koronavaksinasjonsprogrammet/koronavaksinasjonsstatistikk/
Norway,NOR,2021-01-18 00:00:00,52796,52508,288,1542,4205,0.97,0.97,0.01,776,Pfizer/BioNTech,Norwegian Institute of Public Health,https://www.fhi.no/sv/vaksine/koronavaksinasjonsprogrammet/koronavaksinasjonsstatistikk/
Norway,NOR,2021-01-19 00:00:00,58086,57031,1055,5290,4348,1.07,1.05,0.02,802,Pfizer/BioNTech,Norwegian Institute of Public Health,https://www.fhi.no/sv/vaksine/koronavaksinasjonsprogrammet/koronavaksinasjonsstatistikk/
Norway,NOR,2021-01-20 00:00:00,68701,66956,1745,10615,4481,1.27,1.24,0.03,827,Pfizer/BioNTech,Norwegian Institute of Public Health,https://www.fhi.no/sv/vaksine/koronavaksinasjonsprogrammet/koronavaksinasjonsstatistikk/
Norway,NOR,2021-01-21 00:00:00,77099,75187,1912,8398,4485,1.42,1.39,0.04,827,Pfizer/BioNTech,Norwegian Institute of Public Health,https://www.fhi.no/sv/vaksine/koronavaksinasjonsprogrammet/koronavaksinasjonsstatistikk/
Norway,NOR,2021-01-22 00:00:00,80338,78419,1919,3239,4309,1.48,1.45,0.04,795,Pfizer/BioNTech,Norwegian Institute of Public Health,https://www.fhi.no/sv/vaksine/koronavaksinasjonsprogrammet/koronavaksinasjonsstatistikk/
Norway,NOR,2021-01-23 00:00:00,80691,78772,1919,353,4255,1.49,1.45,0.04,785,Pfizer/BioNTech,Norwegian Institute of Public Health,https://www.fhi.no/sv/vaksine/koronavaksinasjonsprogrammet/koronavaksinasjonsstatistikk/
Norway,NOR,2021-01-24 00:00:00,80756,78837,1919,65,4215,1.49,1.45,0.04,777,Pfizer/BioNTech,Norwegian Institute of Public Health,https://www.fhi.no/sv/vaksine/koronavaksinasjonsprogrammet/koronavaksinasjonsstatistikk/
Norway,NOR,2021-01-25 00:00:00,81330,79411,1919,574,4076,1.5,1.46,0.04,752,Pfizer/BioNTech,Norwegian Institute of Public Health,https://www.fhi.no/sv/vaksine/koronavaksinasjonsprogrammet/koronavaksinasjonsstatistikk/
Norway,NOR,2021-01-26 00:00:00,85416,81446,3970,4086,3904,1.58,1.5,0.07,720,Pfizer/BioNTech,Norwegian Institute of Public Health,https://www.fhi.no/sv/vaksine/koronavaksinasjonsprogrammet/koronavaksinasjonsstatistikk/
Norway,NOR,2021-01-27 00:00:00,103670,92337,11333,18254,4996,1.91,1.7,0.21,922,Pfizer/BioNTech,Norwegian Institute of Public Health,https://www.fhi.no/sv/vaksine/koronavaksinasjonsprogrammet/koronavaksinasjonsstatistikk/
Norway,NOR,2021-01-28 00:00:00,120465,102819,17646,16795,6195,2.22,1.9,0.33,1143,Pfizer/BioNTech,Norwegian Institute of Public Health,https://www.fhi.no/sv/vaksine/koronavaksinasjonsprogrammet/koronavaksinasjonsstatistikk/
Norway,NOR,2021-01-29 00:00:00,125903,106269,19634,5438,6509,2.32,1.96,0.36,1201,Pfizer/BioNTech,Norwegian Institute of Public Health,https://www.fhi.no/sv/vaksine/koronavaksinasjonsprogrammet/koronavaksinasjonsstatistikk/
Norway,NOR,2021-01-30 00:00:00,126178,106380,19798,275,6498,2.33,1.96,0.37,1199,Pfizer/BioNTech,Norwegian Institute of Public Health,https://www.fhi.no/sv/vaksine/koronavaksinasjonsprogrammet/koronavaksinasjonsstatistikk/
Norway,NOR,2021-01-31 00:00:00,126307,106460,19847,129,6507,2.33,1.96,0.37,1200,Pfizer/BioNTech,Norwegian Institute of Public Health,https://www.fhi.no/sv/vaksine/koronavaksinasjonsprogrammet/koronavaksinasjonsstatistikk/
Norway,NOR,2021-02-01 00:00:00,126714,106570,20144,407,6483,2.34,1.97,0.37,1196,Pfizer/BioNTech,Norwegian Institute of Public Health,https://www.fhi.no/sv/vaksine/koronavaksinasjonsprogrammet/koronavaksinasjonsstatistikk/
Norway,NOR,2021-02-02 00:00:00,134974,112080,22894,8260,7080,2.49,2.07,0.42,1306,Pfizer/BioNTech,Norwegian Institute of Public Health,https://www.fhi.no/sv/vaksine/koronavaksinasjonsprogrammet/koronavaksinasjonsstatistikk/
Oman,OMN,2021-01-17 00:00:00,25446,24773,673,673,1363,0.5,0.49,0.01,267,Pfizer/BioNTech,Ministry of Health,https://twitter.com/OmaniMOH/status/1354699593666195458
Oman,OMN,2021-01-18 00:00:00,26758,24773,1985,1312,1210,0.52,0.49,0.04,237,Pfizer/BioNTech,Ministry of Health,https://twitter.com/OmaniMOH/status/1354699593666195458
Oman,OMN,2021-01-19 00:00:00,28049,24773,3276,1291,1057,0.55,0.49,0.06,207,Pfizer/BioNTech,Ministry of Health,https://twitter.com/OmaniMOH/status/1354699593666195458
Oman,OMN,2021-01-20 00:00:00,29548,24773,4775,1499,971,0.58,0.49,0.09,190,Pfizer/BioNTech,Ministry of Health,https://twitter.com/OmaniMOH/status/1354699593666195458
Oman,OMN,2021-01-24 00:00:00,32765,24773,7992,2090,1046,0.64,0.49,0.16,205,Pfizer/BioNTech,Ministry of Health,https://twitter.com/OmaniMOH/status/1354699593666195458
Oman,OMN,2021-01-25 00:00:00,34606,24773,9833,1841,1121,0.68,0.49,0.19,220,Pfizer/BioNTech,Ministry of Health,https://twitter.com/OmaniMOH/status/1354699593666195458
Oman,OMN,2021-01-26 00:00:00,36206,24773,11433,1600,1165,0.71,0.49,0.22,228,Pfizer/BioNTech,Ministry of Health,https://twitter.com/OmaniMOH/status/1354699593666195458
Oman,OMN,2021-01-27 00:00:00,37045,24773,12272,839,1071,0.73,0.49,0.24,210,Pfizer/BioNTech,Ministry of Health,https://twitter.com/OmaniMOH/status/1354699593666195458
Poland,POL,2021-01-17 00:00:00,469466,468795,671,12163,38059,1.24,1.24,0,1006,Pfizer/BioNTech,Ministry of Health,https://www.gov.pl/web/szczepimysie/raport-szczepien-przeciwko-covid-19
Poland,POL,2021-01-18 00:00:00,495164,491696,3468,25698,33904,1.31,1.3,0.01,896,Pfizer/BioNTech,Ministry of Health,https://www.gov.pl/web/szczepimysie/raport-szczepien-przeciwko-covid-19
Poland,POL,2021-01-19 00:00:00,541229,530055,11174,46065,33087,1.43,1.4,0.03,874,Pfizer/BioNTech,Ministry of Health,https://www.gov.pl/web/szczepimysie/raport-szczepien-przeciwko-covid-19
Poland,POL,2021-01-20 00:00:00,591785,566793,24992,50556,31796,1.56,1.5,0.07,840,Pfizer/BioNTech,Ministry of Health,https://www.gov.pl/web/szczepimysie/raport-szczepien-przeciwko-covid-19
Poland,POL,2021-01-21 00:00:00,644999,605313,39686,53214,33503,1.7,1.6,0.1,885,Pfizer/BioNTech,Ministry of Health,https://www.gov.pl/web/szczepimysie/raport-szczepien-przeciwko-covid-19
Poland,POL,2021-01-22 00:00:00,684277,638798,45479,39278,35331,1.81,1.69,0.12,934,Pfizer/BioNTech,Ministry of Health,https://www.gov.pl/web/szczepimysie/raport-szczepien-przeciwko-covid-19
Poland,POL,2021-01-23 00:00:00,701164,654184,46980,16887,34837,1.85,1.73,0.12,920,Pfizer/BioNTech,Ministry of Health,https://www.gov.pl/web/szczepimysie/raport-szczepien-przeciwko-covid-19
Poland,POL,2021-01-24 00:00:00,707474,659753,47721,6310,34001,1.87,1.74,0.13,898,Pfizer/BioNTech,Ministry of Health,https://www.gov.pl/web/szczepimysie/raport-szczepien-przeciwko-covid-19
Poland,POL,2021-01-25 00:00:00,776987,701222,75765,69513,40260,2.05,1.85,0.2,1064,Pfizer/BioNTech,Ministry of Health,https://www.gov.pl/web/szczepimysie/raport-szczepien-przeciwko-covid-19
Poland,POL,2021-01-26 00:00:00,905457,782413,123044,128470,52033,2.39,2.07,0.33,1375,Pfizer/BioNTech,Ministry of Health,https://www.gov.pl/web/szczepimysie/raport-szczepien-przeciwko-covid-19
Poland,POL,2021-01-27 00:00:00,1008253,858474,149779,102796,59495,2.66,2.27,0.4,1572,Pfizer/BioNTech,Ministry of Health,https://www.gov.pl/web/szczepimysie/raport-szczepien-przeciwko-covid-19
Poland,POL,2021-01-28 00:00:00,1097036,917908,179128,88783,64577,2.9,2.43,0.47,1706,Pfizer/BioNTech,Ministry of Health,https://www.gov.pl/web/szczepimysie/raport-szczepien-przeciwko-covid-19
Poland,POL,2021-01-29 00:00:00,1141081,945600,195481,44045,65258,3.02,2.5,0.52,1724,Pfizer/BioNTech,Ministry of Health,https://www.gov.pl/web/szczepimysie/raport-szczepien-przeciwko-covid-19
Poland,POL,2021-01-30 00:00:00,1156931,958453,198478,15850,65110,3.06,2.53,0.52,1720,Pfizer/BioNTech,Ministry of Health,https://www.gov.pl/web/szczepimysie/raport-szczepien-przeciwko-covid-19
Poland,POL,2021-01-31 00:00:00,1176904,976367,200537,19973,67061,3.11,2.58,0.53,1772,Pfizer/BioNTech,Ministry of Health,https://www.gov.pl/web/szczepimysie/raport-szczepien-przeciwko-covid-19
Poland,POL,2021-02-01 00:00:00,1231716,998587,233129,54812,64961,3.25,2.64,0.62,1716,Pfizer/BioNTech,Ministry of Health,https://www.gov.pl/web/szczepimysie/raport-szczepien-przeciwko-covid-19
Poland,POL,2021-02-02 00:00:00,1342435,1053245,289190,110719,62425,3.55,2.78,0.76,1649,Pfizer/BioNTech,Ministry of Health,https://www.gov.pl/web/szczepimysie/raport-szczepien-przeciwko-covid-19
Portugal,PRT,2021-01-31 00:00:00,336771,268386,68385,6538,13398,3.3,2.63,0.67,1314,Pfizer/BioNTech,National Health Service,https://covid19.min-saude.pt/ponto-de-situacao-atual-em-portugal/
Portugal,PRT,2021-02-01 00:00:00,338566,269814,68755,1795,12189,3.32,2.65,0.67,1195,Pfizer/BioNTech,National Health Service,https://covid19.min-saude.pt/ponto-de-situacao-atual-em-portugal/
Romania,ROU,2021-01-17 00:00:00,205060,204185,875,8970,13824,1.07,1.06,0,719,Pfizer/BioNTech,Government of Romania,https://vaccinare-covid.gov.ro/actualizare-zilnica-03-02-evidenta-persoanelor-vaccinate-impotriva-covid-19/
Romania,ROU,2021-01-18 00:00:00,235239,233288,1951,30179,15721,1.22,1.21,0.01,817,Pfizer/BioNTech,Government of Romania,https://vaccinare-covid.gov.ro/actualizare-zilnica-03-02-evidenta-persoanelor-vaccinate-impotriva-covid-19/
Romania,ROU,2021-01-19 00:00:00,270046,267424,2622,34807,18514,1.4,1.39,0.01,962,Pfizer/BioNTech,Government of Romania,https://vaccinare-covid.gov.ro/actualizare-zilnica-03-02-evidenta-persoanelor-vaccinate-impotriva-covid-19/
Romania,ROU,2021-01-20 00:00:00,308384,302570,5814,38338,22017,1.6,1.57,0.03,1144,Pfizer/BioNTech,Government of Romania,https://vaccinare-covid.gov.ro/actualizare-zilnica-03-02-evidenta-persoanelor-vaccinate-impotriva-covid-19/
Romania,ROU,2021-01-21 00:00:00,348096,338252,9844,39712,25783,1.81,1.76,0.05,1340,Pfizer/BioNTech,Government of Romania,https://vaccinare-covid.gov.ro/actualizare-zilnica-03-02-evidenta-persoanelor-vaccinate-impotriva-covid-19/
Romania,ROU,2021-01-22 00:00:00,385936,374681,11255,37840,28895,2.01,1.95,0.06,1502,Pfizer/BioNTech,Government of Romania,https://vaccinare-covid.gov.ro/actualizare-zilnica-03-02-evidenta-persoanelor-vaccinate-impotriva-covid-19/
Romania,ROU,2021-01-23 00:00:00,418885,406006,12879,32949,31828,2.18,2.11,0.07,1654,Pfizer/BioNTech,Government of Romania,https://vaccinare-covid.gov.ro/actualizare-zilnica-03-02-evidenta-persoanelor-vaccinate-impotriva-covid-19/
Romania,ROU,2021-01-24 00:00:00,446285,433129,13156,27400,34461,2.32,2.25,0.07,1791,Pfizer/BioNTech,Government of Romania,https://vaccinare-covid.gov.ro/actualizare-zilnica-03-02-evidenta-persoanelor-vaccinate-impotriva-covid-19/
Romania,ROU,2021-01-25 00:00:00,484631,459567,25064,38346,35627,2.52,2.39,0.13,1852,Pfizer/BioNTech,Government of Romania,https://vaccinare-covid.gov.ro/actualizare-zilnica-03-02-evidenta-persoanelor-vaccinate-impotriva-covid-19/
Romania,ROU,2021-01-26 00:00:00,528378,487711,40667,43747,36905,2.75,2.54,0.21,1918,Pfizer/BioNTech,Government of Romania,https://vaccinare-covid.gov.ro/actualizare-zilnica-03-02-evidenta-persoanelor-vaccinate-impotriva-covid-19/
Romania,ROU,2021-01-27 00:00:00,570704,513429,57275,42326,37474,2.97,2.67,0.3,1948,Pfizer/BioNTech,Government of Romania,https://vaccinare-covid.gov.ro/actualizare-zilnica-03-02-evidenta-persoanelor-vaccinate-impotriva-covid-19/
Romania,ROU,2021-01-28 00:00:00,609396,534346,75050,38692,37329,3.17,2.78,0.39,1940,Pfizer/BioNTech,Government of Romania,https://vaccinare-covid.gov.ro/actualizare-zilnica-03-02-evidenta-persoanelor-vaccinate-impotriva-covid-19/
Romania,ROU,2021-01-29 00:00:00,647000,554924,92076,37604,37295,3.36,2.88,0.48,1939,Pfizer/BioNTech,Government of Romania,https://vaccinare-covid.gov.ro/actualizare-zilnica-03-02-evidenta-persoanelor-vaccinate-impotriva-covid-19/
Romania,ROU,2021-01-30 00:00:00,672396,571091,101305,25396,36216,3.5,2.97,0.53,1883,Pfizer/BioNTech,Government of Romania,https://vaccinare-covid.gov.ro/actualizare-zilnica-03-02-evidenta-persoanelor-vaccinate-impotriva-covid-19/
Romania,ROU,2021-01-31 00:00:00,691415,585218,106197,19019,35019,3.59,3.04,0.55,1820,Pfizer/BioNTech,Government of Romania,https://vaccinare-covid.gov.ro/actualizare-zilnica-03-02-evidenta-persoanelor-vaccinate-impotriva-covid-19/
Romania,ROU,2021-02-01 00:00:00,721184,598135,123049,29769,33793,3.75,3.11,0.64,1757,Pfizer/BioNTech,Government of Romania,https://vaccinare-covid.gov.ro/actualizare-zilnica-03-02-evidenta-persoanelor-vaccinate-impotriva-covid-19/
Romania,ROU,2021-02-02 00:00:00,748732,610383,138349,27548,31479,3.89,3.17,0.72,1636,Pfizer/BioNTech,Government of Romania,https://vaccinare-covid.gov.ro/actualizare-zilnica-03-02-evidenta-persoanelor-vaccinate-impotriva-covid-19/
Romania,ROU,2021-02-03 00:00:00,772202,620176,152026,23470,28785,4.01,3.22,0.79,1496,Pfizer/BioNTech,Government of Romania,https://vaccinare-covid.gov.ro/actualizare-zilnica-03-02-evidenta-persoanelor-vaccinate-impotriva-covid-19/
Slovakia,SVK,2021-01-24 00:00:00,99366,96697,2669,0,5247,1.82,1.77,0.05,961,Pfizer/BioNTech,Ministry of Health,https://covid-19.nczisk.sk
Slovakia,SVK,2021-01-18 00:00:00,71617,71035,582,8983,6057,1.31,1.3,0.01,1109,Pfizer/BioNTech,Ministry of Health,https://covid-19.nczisk.sk
Slovakia,SVK,2021-01-19 00:00:00,78663,77624,1039,7046,5561,1.44,1.42,0.02,1019,Pfizer/BioNTech,Ministry of Health,https://covid-19.nczisk.sk
Slovakia,SVK,2021-01-20 00:00:00,85957,84057,1900,7294,5673,1.57,1.54,0.03,1039,Pfizer/BioNTech,Ministry of Health,https://covid-19.nczisk.sk
Slovakia,SVK,2021-01-21 00:00:00,92828,90284,2544,6871,5571,1.7,1.65,0.05,1020,Pfizer/BioNTech,Ministry of Health,https://covid-19.nczisk.sk
Slovakia,SVK,2021-01-22 00:00:00,99090,96421,2669,6262,5388,1.81,1.77,0.05,987,Pfizer/BioNTech,Ministry of Health,https://covid-19.nczisk.sk
Slovakia,SVK,2021-01-23 00:00:00,99366,96697,2669,276,5255,1.82,1.77,0.05,963,Pfizer/BioNTech,Ministry of Health,https://covid-19.nczisk.sk
Slovakia,SVK,2021-01-25 00:00:00,107506,102683,4823,8140,5127,1.97,1.88,0.09,939,Pfizer/BioNTech,Ministry of Health,https://covid-19.nczisk.sk
Slovakia,SVK,2021-01-26 00:00:00,114403,109198,5205,6897,5106,2.1,2,0.1,935,Pfizer/BioNTech,Ministry of Health,https://covid-19.nczisk.sk
Slovakia,SVK,2021-01-27 00:00:00,121245,115770,5475,6842,5041,2.22,2.12,0.1,923,Pfizer/BioNTech,Ministry of Health,https://covid-19.nczisk.sk
Slovakia,SVK,2021-01-28 00:00:00,131017,124034,6983,9772,5456,2.4,2.27,0.13,999,Pfizer/BioNTech,Ministry of Health,https://covid-19.nczisk.sk
Slovakia,SVK,2021-01-29 00:00:00,142816,133500,9316,11799,6247,2.62,2.45,0.17,1144,Pfizer/BioNTech,Ministry of Health,https://covid-19.nczisk.sk
Slovakia,SVK,2021-01-30 00:00:00,143800,134481,9319,984,6348,2.63,2.46,0.17,1163,Pfizer/BioNTech,Ministry of Health,https://covid-19.nczisk.sk
Slovakia,SVK,2021-01-31 00:00:00,144081,134594,9487,281,6388,2.64,2.47,0.17,1170,Pfizer/BioNTech,Ministry of Health,https://covid-19.nczisk.sk
Slovakia,SVK,2021-02-01 00:00:00,155793,143397,12396,11712,6898,2.85,2.63,0.23,1263,Pfizer/BioNTech,Ministry of Health,https://covid-19.nczisk.sk
Slovakia,SVK,2021-02-02 00:00:00,168002,152161,15841,12209,7657,3.08,2.79,0.29,1402,Pfizer/BioNTech,Ministry of Health,https://covid-19.nczisk.sk
Slovakia,SVK,2021-02-03 00:00:00,179029,160860,18169,11027,8255,3.28,2.95,0.33,1512,Pfizer/BioNTech,Ministry of Health,https://covid-19.nczisk.sk
Slovenia,SVN,2021-01-18 00:00:00,47684,47257,427,496,2548,2.29,2.27,0.02,1226,Pfizer/BioNTech,National Institute of Public Health, via Sledilnik,https://covid-19.sledilnik.org/en/stats
Slovenia,SVN,2021-01-19 00:00:00,50092,47900,2192,2408,2600,2.41,2.3,0.11,1251,Pfizer/BioNTech,National Institute of Public Health, via Sledilnik,https://covid-19.sledilnik.org/en/stats
Slovenia,SVN,2021-01-20 00:00:00,54353,49236,5117,4261,2565,2.61,2.37,0.25,1234,Pfizer/BioNTech,National Institute of Public Health, via Sledilnik,https://covid-19.sledilnik.org/en/stats
Slovenia,SVN,2021-01-21 00:00:00,58555,50440,8115,4202,2166,2.82,2.43,0.39,1042,Pfizer/BioNTech,National Institute of Public Health, via Sledilnik,https://covid-19.sledilnik.org/en/stats
Slovenia,SVN,2021-01-22 00:00:00,60521,51654,8867,1966,1951,2.91,2.48,0.43,938,Pfizer/BioNTech,National Institute of Public Health, via Sledilnik,https://covid-19.sledilnik.org/en/stats
Slovenia,SVN,2021-01-23 00:00:00,61328,51909,9419,807,2021,2.95,2.5,0.45,972,Pfizer/BioNTech,National Institute of Public Health, via Sledilnik,https://covid-19.sledilnik.org/en/stats
Slovenia,SVN,2021-01-24 00:00:00,61381,51910,9471,53,2028,2.95,2.5,0.46,976,Pfizer/BioNTech,National Institute of Public Health, via Sledilnik,https://covid-19.sledilnik.org/en/stats
Slovenia,SVN,2021-01-25 00:00:00,61618,51920,9698,237,1991,2.96,2.5,0.47,958,Pfizer/BioNTech,National Institute of Public Health, via Sledilnik,https://covid-19.sledilnik.org/en/stats
Slovenia,SVN,2021-01-26 00:00:00,63661,52028,11633,2043,1938,3.06,2.5,0.56,932,Pfizer/BioNTech,National Institute of Public Health, via Sledilnik,https://covid-19.sledilnik.org/en/stats
Slovenia,SVN,2021-01-27 00:00:00,68567,52305,16262,4906,2031,3.3,2.52,0.78,977,Pfizer/BioNTech,National Institute of Public Health, via Sledilnik,https://covid-19.sledilnik.org/en/stats
Slovenia,SVN,2021-01-28 00:00:00,74230,52772,21458,5663,2239,3.57,2.54,1.03,1077,Pfizer/BioNTech,National Institute of Public Health, via Sledilnik,https://covid-19.sledilnik.org/en/stats
Slovenia,SVN,2021-01-29 00:00:00,77718,53279,24439,3488,2457,3.74,2.56,1.18,1182,Pfizer/BioNTech,National Institute of Public Health, via Sledilnik,https://covid-19.sledilnik.org/en/stats
Slovenia,SVN,2021-01-30 00:00:00,77822,53284,24538,104,2356,3.74,2.56,1.18,1133,Pfizer/BioNTech,National Institute of Public Health, via Sledilnik,https://covid-19.sledilnik.org/en/stats
Slovenia,SVN,2021-01-31 00:00:00,77842,53296,24546,20,2352,3.74,2.56,1.18,1131,Pfizer/BioNTech,National Institute of Public Health, via Sledilnik,https://covid-19.sledilnik.org/en/stats
Slovenia,SVN,2021-02-01 00:00:00,78057,53297,24760,215,2348,3.75,2.56,1.19,1129,Pfizer/BioNTech,National Institute of Public Health, via Sledilnik,https://covid-19.sledilnik.org/en/stats
Slovenia,SVN,2021-02-02 00:00:00,78931,53311,25620,874,2181,3.8,2.56,1.23,1049,Pfizer/BioNTech,National Institute of Public Health, via Sledilnik,https://covid-19.sledilnik.org/en/stats
Spain,ESP,2021-01-19 00:00:00,966097,956756,9341,68155,68282,2.07,2.05,0.02,1460,Moderna, Pfizer/BioNTech,Ministry of Health,https://www.mscbs.gob.es/profesionales/saludPublica/ccayes/alertasActual/nCov/documentos/Informe_Comunicacion_20210203.ods
Spain,ESP,2021-01-20 00:00:00,1025937,1010295,15642,59840,63471,2.19,2.16,0.03,1358,Moderna, Pfizer/BioNTech,Ministry of Health,https://www.mscbs.gob.es/profesionales/saludPublica/ccayes/alertasActual/nCov/documentos/Informe_Comunicacion_20210203.ods
Spain,ESP,2021-01-21 00:00:00,1103301,1054245,49056,77364,61016,2.36,2.25,0.1,1305,Moderna, Pfizer/BioNTech,Ministry of Health,https://www.mscbs.gob.es/profesionales/saludPublica/ccayes/alertasActual/nCov/documentos/Informe_Comunicacion_20210203.ods
Spain,ESP,2021-01-22 00:00:00,1165825,1097369,68456,62524,56696,2.49,2.35,0.15,1213,Moderna, Pfizer/BioNTech,Ministry of Health,https://www.mscbs.gob.es/profesionales/saludPublica/ccayes/alertasActual/nCov/documentos/Informe_Comunicacion_20210203.ods
Spain,ESP,2021-01-25 00:00:00,1291216,1167519,123697,53623,56182,2.76,2.5,0.26,1202,Moderna, Pfizer/BioNTech,Ministry of Health,https://www.mscbs.gob.es/profesionales/saludPublica/ccayes/alertasActual/nCov/documentos/Informe_Comunicacion_20210203.ods
Spain,ESP,2021-01-26 00:00:00,1356461,1183395,173066,65245,55766,2.9,2.53,0.37,1193,Moderna, Pfizer/BioNTech,Ministry of Health,https://www.mscbs.gob.es/profesionales/saludPublica/ccayes/alertasActual/nCov/documentos/Informe_Comunicacion_20210203.ods
Spain,ESP,2021-01-27 00:00:00,1395618,1202859,192759,39157,52812,2.98,2.57,0.41,1130,Moderna, Pfizer/BioNTech,Ministry of Health,https://www.mscbs.gob.es/profesionales/saludPublica/ccayes/alertasActual/nCov/documentos/Informe_Comunicacion_20210203.ods
Spain,ESP,2021-01-28 00:00:00,1474189,1222323,251866,78571,52984,3.15,2.61,0.54,1133,Moderna, Pfizer/BioNTech,Ministry of Health,https://www.mscbs.gob.es/profesionales/saludPublica/ccayes/alertasActual/nCov/documentos/Informe_Comunicacion_20210203.ods
Spain,ESP,2021-02-01 00:00:00,1673054,1254535,418519,63793,54548,3.58,2.68,0.9,1167,Moderna, Pfizer/BioNTech,Ministry of Health,https://www.mscbs.gob.es/profesionales/saludPublica/ccayes/alertasActual/nCov/documentos/Informe_Comunicacion_20210203.ods
Spain,ESP,2021-02-02 00:00:00,1764778,1265800,498978,91724,58331,3.77,2.71,1.07,1248,Moderna, Pfizer/BioNTech,Ministry of Health,https://www.mscbs.gob.es/profesionales/saludPublica/ccayes/alertasActual/nCov/documentos/Informe_Comunicacion_20210203.ods
Sweden,SWE,2021-01-29 00:00:00,248991,230068,18923,18474,12199,2.47,2.28,0.19,1208,Pfizer/BioNTech,Public Health Agency of Sweden,https://www.folkhalsomyndigheten.se/smittskydd-beredskap/utbrott/aktuella-utbrott/covid-19/vaccination-mot-covid-19/statistik/statistik-over-registrerade-vaccinationer-covid-19/
Sweden,SWE,2021-02-03 00:00:00,298279,264148,34131,13022,11124,2.95,2.62,0.34,1101,Pfizer/BioNTech,Public Health Agency of Sweden,https://www.folkhalsomyndigheten.se/smittskydd-beredskap/utbrott/aktuella-utbrott/covid-19/vaccination-mot-covid-19/statistik/statistik-over-registrerade-vaccinationer-covid-19/
United Arab Emirates,ARE,2021-01-10 00:00:00,1086568,836568,250000,66219,52053,10.99,8.46,2.53,5263,Pfizer/BioNTech, Sinopharm,National Emergency Crisis and Disaster Management Authority,http://covid19.ncema.gov.ae/en
United Arab Emirates,ARE,2021-01-11 00:00:00,1167251,917251,250000,80683,56825,11.8,9.27,2.53,5745,Pfizer/BioNTech, Sinopharm,National Emergency Crisis and Disaster Management Authority,http://covid19.ncema.gov.ae/en
United Arab Emirates,ARE,2021-01-12 00:00:00,1275652,1025652,250000,108401,64193,12.9,10.37,2.53,6490,Pfizer/BioNTech, Sinopharm,National Emergency Crisis and Disaster Management Authority,http://covid19.ncema.gov.ae/en
United Arab Emirates,ARE,2021-01-13 00:00:00,1394580,1144580,250000,118928,76797,14.1,11.57,2.53,7765,Pfizer/BioNTech, Sinopharm,National Emergency Crisis and Disaster Management Authority,http://covid19.ncema.gov.ae/en
United Arab Emirates,ARE,2021-01-14 00:00:00,1527833,1277833,250000,133253,91448,15.45,12.92,2.53,9246,Pfizer/BioNTech, Sinopharm,National Emergency Crisis and Disaster Management Authority,http://covid19.ncema.gov.ae/en
United Arab Emirates,ARE,2021-01-15 00:00:00,1665987,1415987,250000,138154,103490,16.84,14.32,2.53,10464,Pfizer/BioNTech, Sinopharm,National Emergency Crisis and Disaster Management Authority,http://covid19.ncema.gov.ae/en
United Arab Emirates,ARE,2021-01-16 00:00:00,1797926,1547926,250000,131939,111082,18.18,15.65,2.53,11231,Pfizer/BioNTech, Sinopharm,National Emergency Crisis and Disaster Management Authority,http://covid19.ncema.gov.ae/en
United Arab Emirates,ARE,2021-01-17 00:00:00,1882778,1632778,250000,84852,113744,19.04,16.51,2.53,11500,Pfizer/BioNTech, Sinopharm,National Emergency Crisis and Disaster Management Authority,http://covid19.ncema.gov.ae/en
United Arab Emirates,ARE,2021-01-18 00:00:00,1971521,1721521,250000,88743,114896,19.93,17.41,2.53,11617,Pfizer/BioNTech, Sinopharm,National Emergency Crisis and Disaster Management Authority,http://covid19.ncema.gov.ae/en
United Arab Emirates,ARE,2021-01-19 00:00:00,2065367,1815367,250000,93846,112816,20.88,18.35,2.53,11407,Pfizer/BioNTech, Sinopharm,National Emergency Crisis and Disaster Management Authority,http://covid19.ncema.gov.ae/en
United Arab Emirates,ARE,2021-01-20 00:00:00,2161150,1911150,250000,95783,109510,21.85,19.32,2.53,11072,Pfizer/BioNTech, Sinopharm,National Emergency Crisis and Disaster Management Authority,http://covid19.ncema.gov.ae/en
United Arab Emirates,ARE,2021-01-21 00:00:00,2246069,1996069,250000,84919,102605,22.71,20.18,2.53,10374,Pfizer/BioNTech, Sinopharm,National Emergency Crisis and Disaster Management Authority,http://covid19.ncema.gov.ae/en
United Arab Emirates,ARE,2021-01-22 00:00:00,2339078,2089078,250000,93009,96156,23.65,21.12,2.53,9722,Pfizer/BioNTech, Sinopharm,National Emergency Crisis and Disaster Management Authority,http://covid19.ncema.gov.ae/en
United Arab Emirates,ARE,2021-01-23 00:00:00,2426798,2176798,250000,87720,89839,24.54,22.01,2.53,9083,Pfizer/BioNTech, Sinopharm,National Emergency Crisis and Disaster Management Authority,http://covid19.ncema.gov.ae/en
United Arab Emirates,ARE,2021-01-24 00:00:00,2487789,2237789,250000,60991,86430,25.15,22.63,2.53,8739,Pfizer/BioNTech, Sinopharm,National Emergency Crisis and Disaster Management Authority,http://covid19.ncema.gov.ae/en
United Arab Emirates,ARE,2021-01-25 00:00:00,2571091,2321091,250000,83302,85653,26,23.47,2.53,8660,Pfizer/BioNTech, Sinopharm,National Emergency Crisis and Disaster Management Authority,http://covid19.ncema.gov.ae/en
United Arab Emirates,ARE,2021-01-26 00:00:00,2677680,2427680,250000,106589,87473,27.07,24.55,2.53,8844,Pfizer/BioNTech, Sinopharm,National Emergency Crisis and Disaster Management Authority,http://covid19.ncema.gov.ae/en
United Arab Emirates,ARE,2021-01-27 00:00:00,2764450,2514450,250000,86770,86186,27.95,25.42,2.53,8714,Pfizer/BioNTech, Sinopharm,National Emergency Crisis and Disaster Management Authority,http://covid19.ncema.gov.ae/en
United Arab Emirates,ARE,2021-01-28 00:00:00,2868650,2618650,250000,104200,88940,29,26.48,2.53,8993,Pfizer/BioNTech, Sinopharm,National Emergency Crisis and Disaster Management Authority,http://covid19.ncema.gov.ae/en
United Arab Emirates,ARE,2021-01-29 00:00:00,3006606,2756606,250000,137956,95361,30.4,27.87,2.53,9642,Pfizer/BioNTech, Sinopharm,National Emergency Crisis and Disaster Management Authority,http://covid19.ncema.gov.ae/en
United Arab Emirates,ARE,2021-01-30 00:00:00,3114167,2864167,250000,107561,98196,31.49,28.96,2.53,9928,Pfizer/BioNTech, Sinopharm,National Emergency Crisis and Disaster Management Authority,http://covid19.ncema.gov.ae/en
United Arab Emirates,ARE,2021-01-31 00:00:00,3334162,3084162,250000,219995,120910,33.71,31.18,2.53,12225,Pfizer/BioNTech, Sinopharm,National Emergency Crisis and Disaster Management Authority,http://covid19.ncema.gov.ae/en
United Arab Emirates,ARE,2021-02-01 00:00:00,3440777,3190777,250000,106615,124241,34.79,32.26,2.53,12562,Pfizer/BioNTech, Sinopharm,National Emergency Crisis and Disaster Management Authority,http://covid19.ncema.gov.ae/en
United Kingdom,GBR,2021-01-11 00:00:00,2843815,2431648,412167,165844,181445,4.19,3.58,0.61,2673,Oxford/AstraZeneca, Pfizer/BioNTech,Government of the United Kingdom,https://coronavirus.data.gov.uk/details/healthcare
United Kingdom,GBR,2021-01-12 00:00:00,3067541,2639309,428232,223726,187114,4.52,3.89,0.63,2756,Oxford/AstraZeneca, Pfizer/BioNTech,Government of the United Kingdom,https://coronavirus.data.gov.uk/details/healthcare
United Kingdom,GBR,2021-01-13 00:00:00,3356229,2918252,437977,288688,202063,4.94,4.3,0.65,2977,Oxford/AstraZeneca, Pfizer/BioNTech,Government of the United Kingdom,https://coronavirus.data.gov.uk/details/healthcare
United Kingdom,GBR,2021-01-14 00:00:00,3678180,3234946,443234,321951,221763,5.42,4.77,0.65,3267,Oxford/AstraZeneca, Pfizer/BioNTech,Government of the United Kingdom,https://coronavirus.data.gov.uk/details/healthcare
United Kingdom,GBR,2021-01-15 00:00:00,4006440,3559179,447261,328260,242366,5.9,5.24,0.66,3570,Oxford/AstraZeneca, Pfizer/BioNTech,Government of the United Kingdom,https://coronavirus.data.gov.uk/details/healthcare
United Kingdom,GBR,2021-01-16 00:00:00,4286830,3837094,449736,280390,256129,6.31,5.65,0.66,3773,Oxford/AstraZeneca, Pfizer/BioNTech,Government of the United Kingdom,https://coronavirus.data.gov.uk/details/healthcare
United Kingdom,GBR,2021-01-17 00:00:00,4514802,4062501,452301,227972,262404,6.65,5.98,0.67,3865,Oxford/AstraZeneca, Pfizer/BioNTech,Government of the United Kingdom,https://coronavirus.data.gov.uk/details/healthcare
United Kingdom,GBR,2021-01-18 00:00:00,4723443,4266577,456866,208641,268518,6.96,6.28,0.67,3955,Oxford/AstraZeneca, Pfizer/BioNTech,Government of the United Kingdom,https://coronavirus.data.gov.uk/details/healthcare
United Kingdom,GBR,2021-01-19 00:00:00,5070365,4609740,460625,346922,286118,7.47,6.79,0.68,4215,Oxford/AstraZeneca, Pfizer/BioNTech,Government of the United Kingdom,https://coronavirus.data.gov.uk/details/healthcare
United Kingdom,GBR,2021-01-20 00:00:00,5437284,4973248,464036,366919,297294,8.01,7.33,0.68,4379,Oxford/AstraZeneca, Pfizer/BioNTech,Government of the United Kingdom,https://coronavirus.data.gov.uk/details/healthcare
United Kingdom,GBR,2021-01-21 00:00:00,5849899,5383103,466796,412615,310246,8.62,7.93,0.69,4570,Oxford/AstraZeneca, Pfizer/BioNTech,Government of the United Kingdom,https://coronavirus.data.gov.uk/details/healthcare
United Kingdom,GBR,2021-01-22 00:00:00,6329968,5861351,468617,480069,331933,9.32,8.63,0.69,4890,Oxford/AstraZeneca, Pfizer/BioNTech,Government of the United Kingdom,https://coronavirus.data.gov.uk/details/healthcare
United Kingdom,GBR,2021-01-23 00:00:00,6822981,6353321,469660,493013,362307,10.05,9.36,0.69,5337,Oxford/AstraZeneca, Pfizer/BioNTech,Government of the United Kingdom,https://coronavirus.data.gov.uk/details/healthcare
United Kingdom,GBR,2021-01-24 00:00:00,7044048,6573570,470478,221067,361321,10.38,9.68,0.69,5322,Oxford/AstraZeneca, Pfizer/BioNTech,Government of the United Kingdom,https://coronavirus.data.gov.uk/details/healthcare
United Kingdom,GBR,2021-01-25 00:00:00,7325773,6853327,472446,281725,371761,10.79,10.1,0.7,5476,Oxford/AstraZeneca, Pfizer/BioNTech,Government of the United Kingdom,https://coronavirus.data.gov.uk/details/healthcare
United Kingdom,GBR,2021-01-26 00:00:00,7638543,7164387,474156,312770,366883,11.25,10.55,0.7,5404,Oxford/AstraZeneca, Pfizer/BioNTech,Government of the United Kingdom,https://coronavirus.data.gov.uk/details/healthcare
United Kingdom,GBR,2021-01-27 00:00:00,7953250,7476765,476485,314707,359424,11.72,11.01,0.7,5295,Oxford/AstraZeneca, Pfizer/BioNTech,Government of the United Kingdom,https://coronavirus.data.gov.uk/details/healthcare
United Kingdom,GBR,2021-01-28 00:00:00,8369438,7891184,478254,416188,359934,12.33,11.62,0.7,5302,Oxford/AstraZeneca, Pfizer/BioNTech,Government of the United Kingdom,https://coronavirus.data.gov.uk/details/healthcare
United Kingdom,GBR,2021-01-29 00:00:00,8859372,8378940,480432,489934,361343,13.05,12.34,0.71,5323,Oxford/AstraZeneca, Pfizer/BioNTech,Government of the United Kingdom,https://coronavirus.data.gov.uk/details/healthcare
United Kingdom,GBR,2021-01-30 00:00:00,9468382,8977329,491053,609010,377914,13.95,13.22,0.72,5567,Oxford/AstraZeneca, Pfizer/BioNTech,Government of the United Kingdom,https://coronavirus.data.gov.uk/details/healthcare
United Kingdom,GBR,2021-01-31 00:00:00,9790576,9296367,494209,322194,392361,14.42,13.69,0.73,5780,Oxford/AstraZeneca, Pfizer/BioNTech,Government of the United Kingdom,https://coronavirus.data.gov.uk/details/healthcare
United Kingdom,GBR,2021-02-01 00:00:00,10143511,9646715,496796,352935,402534,14.94,14.21,0.73,5930,Oxford/AstraZeneca, Pfizer/BioNTech,Government of the United Kingdom,https://coronavirus.data.gov.uk/details/healthcare
United Kingdom,GBR,2021-02-02 00:00:00,10520433,10021471,498962,376922,411699,15.5,14.76,0.73,6065,Oxford/AstraZeneca, Pfizer/BioNTech,Government of the United Kingdom,https://coronavirus.data.gov.uk/details/healthcare
United States,USA,2021-01-14 00:00:00,11148991,9690757,1342086,870529,747082,3.33,2.9,0.4,2234,Moderna, Pfizer/BioNTech,Centers for Disease Control and Prevention,https://covid.cdc.gov/covid-data-tracker/#vaccinations
United States,USA,2021-01-15 00:00:00,12279180,10595866,1610524,1130189,798707,3.67,3.17,0.48,2388,Moderna, Pfizer/BioNTech,Centers for Disease Control and Prevention,https://covid.cdc.gov/covid-data-tracker/#vaccinations
United States,USA,2021-01-20 00:00:00,16525281,14270441,2161419,817693,892403,4.94,4.27,0.65,2668,Moderna, Pfizer/BioNTech,Centers for Disease Control and Prevention,https://covid.cdc.gov/covid-data-tracker/#vaccinations
United States,USA,2021-01-21 00:00:00,17546374,15053257,2394961,1021093,913912,5.25,4.5,0.72,2733,Moderna, Pfizer/BioNTech,Centers for Disease Control and Prevention,https://covid.cdc.gov/covid-data-tracker/#vaccinations
United States,USA,2021-01-22 00:00:00,19107959,16243093,2756953,1561585,975540,5.71,4.86,0.82,2917,Moderna, Pfizer/BioNTech,Centers for Disease Control and Prevention,https://covid.cdc.gov/covid-data-tracker/#vaccinations
United States,USA,2021-01-23 00:00:00,20537990,17390345,3027865,1430031,1057387,6.14,5.2,0.91,3162,Moderna, Pfizer/BioNTech,Centers for Disease Control and Prevention,https://covid.cdc.gov/covid-data-tracker/#vaccinations
United States,USA,2021-01-24 00:00:00,21848655,18502131,3216836,1310665,1122182,6.53,5.53,0.96,3355,Moderna, Pfizer/BioNTech,Centers for Disease Control and Prevention,https://covid.cdc.gov/covid-data-tracker/#vaccinations
United States,USA,2021-01-25 00:00:00,22734243,19252279,3346390,885588,1126251,6.8,5.76,1,3368,Moderna, Pfizer/BioNTech,Centers for Disease Control and Prevention,https://covid.cdc.gov/covid-data-tracker/#vaccinations
United States,USA,2021-01-26 00:00:00,23540994,19902237,3481921,806751,1119058,7.04,5.95,1.04,3346,Moderna, Pfizer/BioNTech,Centers for Disease Control and Prevention,https://covid.cdc.gov/covid-data-tracker/#vaccinations
United States,USA,2021-01-27 00:00:00,24652634,20687970,3801053,1111640,1161050,7.37,6.19,1.14,3472,Moderna, Pfizer/BioNTech,Centers for Disease Control and Prevention,https://covid.cdc.gov/covid-data-tracker/#vaccinations
United States,USA,2021-01-28 00:00:00,26193682,21698606,4263056,1541048,1235330,7.83,6.49,1.27,3694,Moderna, Pfizer/BioNTech,Centers for Disease Control and Prevention,https://covid.cdc.gov/covid-data-tracker/#vaccinations
United States,USA,2021-01-29 00:00:00,27884661,22858318,4780888,1690979,1253815,8.34,6.83,1.43,3749,Moderna, Pfizer/BioNTech,Centers for Disease Control and Prevention,https://covid.cdc.gov/covid-data-tracker/#vaccinations
United States,USA,2021-01-30 00:00:00,29577902,24064165,5259693,1693241,1291416,8.84,7.2,1.57,3861,Moderna, Pfizer/BioNTech,Centers for Disease Control and Prevention,https://covid.cdc.gov/covid-data-tracker/#vaccinations
United States,USA,2021-01-31 00:00:00,31123299,25201143,5657142,1545397,1324949,9.31,7.54,1.69,3962,Moderna, Pfizer/BioNTech,Centers for Disease Control and Prevention,https://covid.cdc.gov/covid-data-tracker/#vaccinations
United States,USA,2021-02-01 00:00:00,32222402,26023153,5927847,1099103,1355451,9.63,7.78,1.77,4053,Moderna, Pfizer/BioNTech,Centers for Disease Control and Prevention,https://covid.cdc.gov/covid-data-tracker/#vaccinations
United States,USA,2021-02-02 00:00:00,32780860,26440836,6064792,558458,1319981,9.8,7.91,1.81,3947,Moderna, Pfizer/BioNTech,Centers for Disease Control and Prevention,https://covid.cdc.gov/covid-data-tracker/#vaccinations
United States,USA,2021-02-03 00:00:00,33878254,27154956,6436931,1097394,1317946,10.13,8.12,1.92,3941,Moderna, Pfizer/BioNTech,Centers for Disease Control and Prevention,https://covid.cdc.gov/covid-data-tracker/#vaccinations
